#
# There is insufficient memory for the Java Runtime Environment to continue.
# Native memory allocation (mmap) failed to map 1786773504 bytes. Error detail: G1 virtual space
# Possible reasons:
#   The system is out of physical RAM or swap space
#   This process is running with CompressedOops enabled, and the Java Heap may be blocking the growth of the native heap
# Possible solutions:
#   Reduce memory load on the system
#   Increase physical memory or swap space
#   Check if swap backing store is full
#   Decrease Java heap size (-Xmx/-Xms)
#   Decrease number of Java threads
#   Decrease Java thread stack sizes (-Xss)
#   Set larger code cache with -XX:ReservedCodeCacheSize=
#   JVM is running with Zero Based Compressed Oops mode in which the Java heap is
#     placed in the first 32GB address space. The Java Heap base address is the
#     maximum limit for the native heap growth. Please use -XX:HeapBaseMinAddress
#     to set the Java Heap base and to place the Java Heap above 32GB virtual address.
# This output file may be truncated or incomplete.
#
#  Out of Memory Error (os_windows.cpp:3630), pid=19780, tid=2492
#
# JRE version: OpenJDK Runtime Environment Temurin-17.0.20.1+1 (17.0.20.1+1) (build 17.0.20.1+1)
# Java VM: OpenJDK 64-Bit Server VM Temurin-17.0.20.1+1 (17.0.20.1+1, mixed mode, sharing, tiered, compressed oops, compressed class ptrs, g1 gc, windows-amd64)
# No core dump will be written. Minidumps are not enabled by default on client versions of Windows
#

---------------  S U M M A R Y ------------

Command Line: -Xmx6g -XX:+IgnoreUnrecognizedVMOptions --add-modules=jdk.incubator.vector --add-opens=java.base/java.lang=ALL-UNNAMED --add-opens=java.base/java.lang.invoke=ALL-UNNAMED --add-opens=java.base/java.lang.reflect=ALL-UNNAMED --add-opens=java.base/java.io=ALL-UNNAMED --add-opens=java.base/java.net=ALL-UNNAMED --add-opens=java.base/java.nio=ALL-UNNAMED --add-opens=java.base/java.util=ALL-UNNAMED --add-opens=java.base/java.util.concurrent=ALL-UNNAMED --add-opens=java.base/java.util.concurrent.atomic=ALL-UNNAMED --add-opens=java.base/jdk.internal.ref=ALL-UNNAMED --add-opens=java.base/sun.nio.ch=ALL-UNNAMED --add-opens=java.base/sun.nio.cs=ALL-UNNAMED --add-opens=java.base/sun.security.action=ALL-UNNAMED --add-opens=java.base/sun.util.calendar=ALL-UNNAMED --add-opens=java.security.jgss/sun.security.krb5=ALL-UNNAMED -Dio.netty.tryReflectionSetAccessible=true -Dio.netty.allocator.type=pooled -Dio.netty.handler.ssl.defaultEndpointVerificationAlgorithm=NONE --sun-misc-unsafe-memory-access=allow --enable-native-access=ALL-UNNAMED -Dderby.connection.requireAuthentication=false org.apache.spark.deploy.SparkSubmit --conf spark.driver.memory=6g --conf spark.app.name=upliftlab-etl --conf spark.sql.shuffle.partitions=64 pyspark-shell

Host: AMD Ryzen 3 5300U with Radeon Graphics         , 8 cores, 5G,  Windows 11 , 64 bit Build 26100 (10.0.26100.9444)
Time: Tue Sep 22 12:27:47 2026 India Standard Time elapsed time: 199.504154 seconds (0d 0h 3m 19s)

---------------  T H R E A D  ---------------

Current thread (0x000001dc2b33c9e0):  VMThread "VM Thread" [stack: 0x0000004dbad00000,0x0000004dbae00000] [id=2492]

Stack: [0x0000004dbad00000,0x0000004dbae00000]
Native frames: (J=compiled Java code, j=interpreted, Vv=VM code, C=native code)
V  [jvm.dll+0x684d39]
V  [jvm.dll+0x83a565]
V  [jvm.dll+0x83bfde]
V  [jvm.dll+0x83c663]
V  [jvm.dll+0x2490cf]
V  [jvm.dll+0x681af9]
V  [jvm.dll+0x6768ba]
V  [jvm.dll+0x309467]
V  [jvm.dll+0x310a56]
V  [jvm.dll+0x360f3e]
V  [jvm.dll+0x36117d]
V  [jvm.dll+0x2e04ec]
V  [jvm.dll+0x2e3576]
V  [jvm.dll+0x2edcb4]
V  [jvm.dll+0x320f1d]
V  [jvm.dll+0x840e7d]
V  [jvm.dll+0x841bb3]
V  [jvm.dll+0x8420df]
V  [jvm.dll+0x8424c5]
V  [jvm.dll+0x84258e]
V  [jvm.dll+0x7eb17c]
V  [jvm.dll+0x683c07]
C  [ucrtbase.dll+0x2cd30]
C  [KERNEL32.DLL+0x2cd87]
C  [ntdll.dll+0xacaec]

VM_Operation (0x0000004dba9ff7f0): G1PauseRemark, mode: safepoint, requested by thread 0x000001dc03e6a660


---------------  P R O C E S S  ---------------

Threads class SMR info:
_java_thread_list=0x000001dc7505c0e0, length=85, elements={
0x000001dc03dd2310, 0x000001dc2b340e20, 0x000001dc2b3418f0, 0x000001dc2b359bf0,
0x000001dc2b35c5d0, 0x000001dc2b35cea0, 0x000001dc2b3617c0, 0x000001dc2b362470,
0x000001dc2b362e30, 0x000001dc2b3764b0, 0x000001dc2bdb5e10, 0x000001dc2bee3390,
0x000001dc7269ce20, 0x000001dc71eca650, 0x000001dc71bdadb0, 0x000001dc71bdcc10,
0x000001dc71bdd120, 0x000001dc71bde560, 0x000001dc71bde050, 0x000001dc71bdb2c0,
0x000001dc71bdb7d0, 0x000001dc71bdbce0, 0x000001dc71bddb40, 0x000001dc71bdc1f0,
0x000001dc71bdc700, 0x000001dc71b44570, 0x000001dc71b45ec0, 0x000001dc71b46df0,
0x000001dc71b47300, 0x000001dc71b463d0, 0x000001dc71b47810, 0x000001dc71b44f90,
0x000001dc71b44a80, 0x000001dc71b44060, 0x000001dc71b47d20, 0x000001dc71b48230,
0x000001dc71b459b0, 0x000001dc71b48c50, 0x000001dc71b454a0, 0x000001dc71b49b80,
0x000001dc71b4b9e0, 0x000001dc71b49160, 0x000001dc71b4a5a0, 0x000001dc71b4aab0,
0x000001dc71b49670, 0x000001dc71b4afc0, 0x000001dc71b4a090, 0x000001dc7363e3b0,
0x000001dc7363edd0, 0x000001dc7363f2e0, 0x000001dc7363c040, 0x000001dc7363fd00,
0x000001dc7363c550, 0x000001dc7363cf70, 0x000001dc7363ca60, 0x000001dc73640210,
0x000001dc73640720, 0x000001dc7341dea0, 0x000001dc7341c550, 0x000001dc73420720,
0x000001dc2bd6ca90, 0x000001dc73bf54b0, 0x000001dc748e3580, 0x000001dc748e3fa0,
0x000001dc773e28f0, 0x000001dc773e0070, 0x000001dc73bf4580, 0x000001dc72442590,
0x000001dc2bd6cfa0, 0x000001dc73bf4a90, 0x000001dc748e3a90, 0x000001dc773e3310,
0x000001dc72441b70, 0x000001dc748e44b0, 0x000001dc748e3070, 0x000001dc748e1a80,
0x000001dc73bf79d0, 0x000001dc73bf6aa0, 0x000001dc748e24a0, 0x000001dc748e29b0,
0x000001dc748e49c0, 0x000001dc73bf6590, 0x000001dc73bf6fb0, 0x000001dc773e0fa0,
0x000001dc72ac1e20
}

Java Threads: ( => current thread )
  0x000001dc03dd2310 JavaThread "main" [_thread_in_native, id=27996, stack(0x0000004dba700000,0x0000004dba800000)]
  0x000001dc2b340e20 JavaThread "Reference Handler" daemon [_thread_blocked, id=31604, stack(0x0000004dbae00000,0x0000004dbaf00000)]
  0x000001dc2b3418f0 JavaThread "Finalizer" daemon [_thread_blocked, id=15940, stack(0x0000004dbaf00000,0x0000004dbb000000)]
  0x000001dc2b359bf0 JavaThread "Signal Dispatcher" daemon [_thread_blocked, id=10748, stack(0x0000004dbb000000,0x0000004dbb100000)]
  0x000001dc2b35c5d0 JavaThread "Attach Listener" daemon [_thread_blocked, id=31884, stack(0x0000004dbb100000,0x0000004dbb200000)]
  0x000001dc2b35cea0 JavaThread "Service Thread" daemon [_thread_blocked, id=25508, stack(0x0000004dbb200000,0x0000004dbb300000)]
  0x000001dc2b3617c0 JavaThread "Monitor Deflation Thread" daemon [_thread_blocked, id=19244, stack(0x0000004dbb300000,0x0000004dbb400000)]
  0x000001dc2b362470 JavaThread "C2 CompilerThread0" daemon [_thread_blocked, id=19312, stack(0x0000004dbb400000,0x0000004dbb500000)]
  0x000001dc2b362e30 JavaThread "C1 CompilerThread0" daemon [_thread_blocked, id=10328, stack(0x0000004dbb500000,0x0000004dbb600000)]
  0x000001dc2b3764b0 JavaThread "Sweeper thread" daemon [_thread_blocked, id=7284, stack(0x0000004dbb600000,0x0000004dbb700000)]
  0x000001dc2bdb5e10 JavaThread "Common-Cleaner" daemon [_thread_blocked, id=4312, stack(0x0000004dbb700000,0x0000004dbb800000)]
  0x000001dc2bee3390 JavaThread "Notification Thread" daemon [_thread_blocked, id=1876, stack(0x0000004dbb900000,0x0000004dbba00000)]
  0x000001dc7269ce20 JavaThread "Thread-1" [_thread_in_native, id=12448, stack(0x0000004dbc200000,0x0000004dbc300000)]
  0x000001dc71eca650 JavaThread "Thread-2" [_thread_blocked, id=14236, stack(0x0000004dbc300000,0x0000004dbc400000)]
  0x000001dc71bdadb0 JavaThread "Thread-3" [_thread_in_native, id=9708, stack(0x0000004dbc400000,0x0000004dbc500000)]
  0x000001dc71bdcc10 JavaThread "rpc-boss-3-1" daemon [_thread_blocked, id=13336, stack(0x0000004dbc500000,0x0000004dbc600000)]
  0x000001dc71bdd120 JavaThread "dispatcher-event-loop-0" daemon [_thread_blocked, id=26816, stack(0x0000004dbc600000,0x0000004dbc700000)]
  0x000001dc71bde560 JavaThread "dispatcher-event-loop-1" daemon [_thread_blocked, id=16288, stack(0x0000004dbc700000,0x0000004dbc800000)]
  0x000001dc71bde050 JavaThread "dispatcher-event-loop-2" daemon [_thread_blocked, id=30512, stack(0x0000004dbc800000,0x0000004dbc900000)]
  0x000001dc71bdb2c0 JavaThread "dispatcher-event-loop-3" daemon [_thread_blocked, id=29580, stack(0x0000004dbc900000,0x0000004dbca00000)]
  0x000001dc71bdb7d0 JavaThread "dispatcher-event-loop-4" daemon [_thread_blocked, id=2580, stack(0x0000004dbca00000,0x0000004dbcb00000)]
  0x000001dc71bdbce0 JavaThread "dispatcher-event-loop-5" daemon [_thread_blocked, id=28236, stack(0x0000004dbcb00000,0x0000004dbcc00000)]
  0x000001dc71bddb40 JavaThread "dispatcher-event-loop-6" daemon [_thread_blocked, id=25836, stack(0x0000004dbcc00000,0x0000004dbcd00000)]
  0x000001dc71bdc1f0 JavaThread "dispatcher-event-loop-7" daemon [_thread_blocked, id=29544, stack(0x0000004dbcd00000,0x0000004dbce00000)]
  0x000001dc71bdc700 JavaThread "map-output-dispatcher-0" daemon [_thread_blocked, id=20268, stack(0x0000004dbce00000,0x0000004dbcf00000)]
  0x000001dc71b44570 JavaThread "map-output-dispatcher-1" daemon [_thread_blocked, id=18940, stack(0x0000004dbcf00000,0x0000004dbd000000)]
  0x000001dc71b45ec0 JavaThread "map-output-dispatcher-2" daemon [_thread_blocked, id=24456, stack(0x0000004dbd000000,0x0000004dbd100000)]
  0x000001dc71b46df0 JavaThread "map-output-dispatcher-3" daemon [_thread_blocked, id=14792, stack(0x0000004dbd100000,0x0000004dbd200000)]
  0x000001dc71b47300 JavaThread "map-output-dispatcher-4" daemon [_thread_blocked, id=3016, stack(0x0000004dbd200000,0x0000004dbd300000)]
  0x000001dc71b463d0 JavaThread "map-output-dispatcher-5" daemon [_thread_blocked, id=14868, stack(0x0000004dbd300000,0x0000004dbd400000)]
  0x000001dc71b47810 JavaThread "map-output-dispatcher-6" daemon [_thread_blocked, id=23884, stack(0x0000004dbd400000,0x0000004dbd500000)]
  0x000001dc71b44f90 JavaThread "map-output-dispatcher-7" daemon [_thread_blocked, id=3588, stack(0x0000004dbd500000,0x0000004dbd600000)]
  0x000001dc71b44a80 JavaThread "dispatcher-BlockManagerMaster" daemon [_thread_blocked, id=22472, stack(0x0000004dbd600000,0x0000004dbd700000)]
  0x000001dc71b44060 JavaThread "dispatcher-BlockManagerEndpoint1" daemon [_thread_blocked, id=14628, stack(0x0000004dbd700000,0x0000004dbd800000)]
  0x000001dc71b47d20 JavaThread "RemoteBlock-temp-file-clean-thread" daemon [_thread_blocked, id=18820, stack(0x0000004dbd800000,0x0000004dbd900000)]
  0x000001dc71b48230 JavaThread "refresh progress" daemon [_thread_blocked, id=9416, stack(0x0000004dbd900000,0x0000004dbda00000)]
  0x000001dc71b459b0 JavaThread "SparkUI-42" daemon [_thread_in_native, id=29936, stack(0x0000004dbda00000,0x0000004dbdb00000)]
  0x000001dc71b48c50 JavaThread "SparkUI-43-acceptor-0@2aded06b-osjs.ServerConnector@24192b40{HTTP/1.1, (http/1.1)}{0.0.0.0:4040}" daemon [_thread_in_native, id=3512, stack(0x0000004dbdb00000,0x0000004dbdc00000)]
  0x000001dc71b454a0 JavaThread "SparkUI-44" daemon [_thread_blocked, id=13556, stack(0x0000004dbdc00000,0x0000004dbdd00000)]
  0x000001dc71b49b80 JavaThread "SparkUI-45" daemon [_thread_in_native, id=7228, stack(0x0000004dbdd00000,0x0000004dbde00000)]
  0x000001dc71b4b9e0 JavaThread "SparkUI-46" daemon [_thread_in_native, id=8424, stack(0x0000004dbde00000,0x0000004dbdf00000)]
  0x000001dc71b49160 JavaThread "SparkUI-47" daemon [_thread_blocked, id=30724, stack(0x0000004dbdf00000,0x0000004dbe000000)]
  0x000001dc71b4a5a0 JavaThread "SparkUI-48" daemon [_thread_blocked, id=28256, stack(0x0000004dbe000000,0x0000004dbe100000)]
  0x000001dc71b4aab0 JavaThread "SparkUI-49" daemon [_thread_in_native, id=26920, stack(0x0000004dbe100000,0x0000004dbe200000)]
  0x000001dc71b49670 JavaThread "dispatcher-HeartbeatReceiver" daemon [_thread_blocked, id=24176, stack(0x0000004dbe200000,0x0000004dbe300000)]
  0x000001dc71b4afc0 JavaThread "heartbeat-receiver-event-loop-thread" daemon [_thread_blocked, id=9528, stack(0x0000004dbe300000,0x0000004dbe400000)]
  0x000001dc71b4a090 JavaThread "netty-rpc-env-timeout" daemon [_thread_blocked, id=27136, stack(0x0000004dbe400000,0x0000004dbe500000)]
  0x000001dc7363e3b0 JavaThread "dag-scheduler-event-loop" daemon [_thread_blocked, id=23548, stack(0x0000004dbe500000,0x0000004dbe600000)]
  0x000001dc7363edd0 JavaThread "driver-heartbeater" daemon [_thread_blocked, id=9460, stack(0x0000004dbe600000,0x0000004dbe700000)]
  0x000001dc7363f2e0 JavaThread "executor-kill-mark-cleanup" daemon [_thread_blocked, id=25348, stack(0x0000004dbe700000,0x0000004dbe800000)]
  0x000001dc7363c040 JavaThread "executor-heartbeater" daemon [_thread_blocked, id=31332, stack(0x0000004dbe800000,0x0000004dbe900000)]
  0x000001dc7363fd00 JavaThread "shuffle-boss-6-1" daemon [_thread_blocked, id=24588, stack(0x0000004dbe900000,0x0000004dbea00000)]
  0x000001dc7363c550 JavaThread "Spark Context Cleaner" daemon [_thread_blocked, id=30128, stack(0x0000004dbea00000,0x0000004dbeb00000)]
  0x000001dc7363cf70 JavaThread "context-cleaner-periodic-gc" daemon [_thread_blocked, id=7272, stack(0x0000004dbeb00000,0x0000004dbec00000)]
  0x000001dc7363ca60 JavaThread "spark-listener-group-appStatus" daemon [_thread_blocked, id=21464, stack(0x0000004dbec00000,0x0000004dbed00000)]
  0x000001dc73640210 JavaThread "spark-listener-group-executorManagement" daemon [_thread_blocked, id=31660, stack(0x0000004dbed00000,0x0000004dbee00000)]
  0x000001dc73640720 JavaThread "element-tracking-store-worker" daemon [_thread_blocked, id=3396, stack(0x0000004dbee00000,0x0000004dbef00000)]
  0x000001dc7341dea0 JavaThread "org.apache.hadoop.fs.FileSystem$Statistics$StatisticsDataReferenceCleaner" daemon [_thread_blocked, id=16272, stack(0x0000004dbef00000,0x0000004dbf000000)]
  0x000001dc7341c550 JavaThread "Cleaner-0" daemon [_thread_blocked, id=6608, stack(0x0000004dbf100000,0x0000004dbf200000)]
  0x000001dc73420720 JavaThread "Executor task launch worker for task 0.0 in stage 4.0 (TID 3)" daemon [_thread_blocked, id=12576, stack(0x0000004dbf200000,0x0000004dbf300000)]
  0x000001dc2bd6ca90 JavaThread "task-result-getter-0" daemon [_thread_blocked, id=10680, stack(0x0000004dba400000,0x0000004dba500000)]
  0x000001dc73bf54b0 JavaThread "QueryStageCreator-0" daemon [_thread_blocked, id=7028, stack(0x0000004dba500000,0x0000004dba600000)]
  0x000001dc748e3580 JavaThread "shuffle-exchange-0" daemon [_thread_blocked, id=27172, stack(0x0000004dba600000,0x0000004dba700000)]
  0x000001dc748e3fa0 JavaThread "block-manager-storage-async-thread-pool-0" daemon [_thread_blocked, id=31276, stack(0x0000004dbf000000,0x0000004dbf100000)]
  0x000001dc773e28f0 JavaThread "block-manager-storage-async-thread-pool-1" daemon [_thread_blocked, id=3852, stack(0x0000004dbf300000,0x0000004dbf400000)]
  0x000001dc773e0070 JavaThread "block-manager-storage-async-thread-pool-2" daemon [_thread_blocked, id=24548, stack(0x0000004dbf400000,0x0000004dbf500000)]
  0x000001dc73bf4580 JavaThread "block-manager-ask-thread-pool-0" daemon [_thread_blocked, id=22144, stack(0x0000004dbf500000,0x0000004dbf600000)]
  0x000001dc72442590 JavaThread "block-manager-ask-thread-pool-1" daemon [_thread_blocked, id=20416, stack(0x0000004dbf600000,0x0000004dbf700000)]
  0x000001dc2bd6cfa0 JavaThread "task-result-getter-1" daemon [_thread_blocked, id=17528, stack(0x0000004dbf700000,0x0000004dbf800000)]
  0x000001dc73bf4a90 JavaThread "QueryStageCreator-1" daemon [_thread_blocked, id=4500, stack(0x0000004dbf800000,0x0000004dbf900000)]
  0x000001dc748e3a90 JavaThread "ResultQueryStageExecution-0" daemon [_thread_blocked, id=21804, stack(0x0000004dbf900000,0x0000004dbfa00000)]
  0x000001dc773e3310 JavaThread "task-result-getter-2" daemon [_thread_blocked, id=19960, stack(0x0000004dbfa00000,0x0000004dbfb00000)]
  0x000001dc72441b70 JavaThread "QueryStageCreator-2" daemon [_thread_blocked, id=23532, stack(0x0000004dbfb00000,0x0000004dbfc00000)]
  0x000001dc748e44b0 JavaThread "QueryStageCreator-3" daemon [_thread_blocked, id=14492, stack(0x0000004dbfc00000,0x0000004dbfd00000)]
  0x000001dc748e3070 JavaThread "shuffle-exchange-1" daemon [_thread_blocked, id=30876, stack(0x0000004dbfd00000,0x0000004dbfe00000)]
  0x000001dc748e1a80 JavaThread "block-manager-storage-async-thread-pool-3" daemon [_thread_blocked, id=22660, stack(0x0000004dbfe00000,0x0000004dbff00000)]
  0x000001dc73bf79d0 JavaThread "block-manager-storage-async-thread-pool-4" daemon [_thread_blocked, id=22668, stack(0x0000004dbff00000,0x0000004dc0000000)]
  0x000001dc73bf6aa0 JavaThread "block-manager-storage-async-thread-pool-5" daemon [_thread_blocked, id=16556, stack(0x0000004dc0000000,0x0000004dc0100000)]
  0x000001dc748e24a0 JavaThread "block-manager-ask-thread-pool-2" daemon [_thread_blocked, id=10980, stack(0x0000004dc0100000,0x0000004dc0200000)]
  0x000001dc748e29b0 JavaThread "block-manager-ask-thread-pool-3" daemon [_thread_blocked, id=26736, stack(0x0000004dc0200000,0x0000004dc0300000)]
  0x000001dc748e49c0 JavaThread "block-manager-storage-async-thread-pool-6" daemon [_thread_blocked, id=15652, stack(0x0000004dc0300000,0x0000004dc0400000)]
  0x000001dc73bf6590 JavaThread "block-manager-storage-async-thread-pool-7" daemon [_thread_blocked, id=29764, stack(0x0000004dc0400000,0x0000004dc0500000)]
  0x000001dc73bf6fb0 JavaThread "block-manager-storage-async-thread-pool-8" daemon [_thread_blocked, id=32280, stack(0x0000004dc0500000,0x0000004dc0600000)]
  0x000001dc773e0fa0 JavaThread "block-manager-ask-thread-pool-4" daemon [_thread_blocked, id=27972, stack(0x0000004dc0600000,0x0000004dc0700000)]
  0x000001dc72ac1e20 JavaThread "block-manager-ask-thread-pool-5" daemon [_thread_blocked, id=23464, stack(0x0000004dc0700000,0x0000004dc0800000)]

Other Threads:
=>0x000001dc2b33c9e0 VMThread "VM Thread" [stack: 0x0000004dbad00000,0x0000004dbae00000] [id=2492]
  0x000001dc2bd9bb40 WatcherThread [stack: 0x0000004dbba00000,0x0000004dbbb00000] [id=27448]
  0x000001dc03e5d800 GCTaskThread "GC Thread#0" [stack: 0x0000004dba800000,0x0000004dba900000] [id=31020]
  0x000001dc718821c0 GCTaskThread "GC Thread#1" [stack: 0x0000004dbb800000,0x0000004dbb900000] [id=26392]
  0x000001dc71a8ac80 GCTaskThread "GC Thread#2" [stack: 0x0000004dbbb00000,0x0000004dbbc00000] [id=27616]
  0x000001dc7215c020 GCTaskThread "GC Thread#3" [stack: 0x0000004dbbd00000,0x0000004dbbe00000] [id=29048]
  0x000001dc726e32d0 GCTaskThread "GC Thread#4" [stack: 0x0000004dbbe00000,0x0000004dbbf00000] [id=24536]
  0x000001dc723bc8b0 GCTaskThread "GC Thread#5" [stack: 0x0000004dbbf00000,0x0000004dbc000000] [id=29116]
  0x000001dc723bcb70 GCTaskThread "GC Thread#6" [stack: 0x0000004dbc000000,0x0000004dbc100000] [id=3476]
  0x000001dc723bd930 GCTaskThread "GC Thread#7" [stack: 0x0000004dbc100000,0x0000004dbc200000] [id=15784]
  0x000001dc03e6a660 ConcurrentGCThread "G1 Main Marker" [stack: 0x0000004dba900000,0x0000004dbaa00000] [id=24976]
  0x000001dc03e6bc60 ConcurrentGCThread "G1 Conc#0" [stack: 0x0000004dbaa00000,0x0000004dbab00000] [id=5940]
  0x000001dc723bc070 ConcurrentGCThread "G1 Conc#1" [stack: 0x0000004dbbc00000,0x0000004dbbd00000] [id=10012]
  0x000001dc2b1ef7f0 ConcurrentGCThread "G1 Refine#0" [stack: 0x0000004dbab00000,0x0000004dbac00000] [id=20088]
  0x000001dc2b1f0fe0 ConcurrentGCThread "G1 Service" [stack: 0x0000004dbac00000,0x0000004dbad00000] [id=23300]

Threads with active compile tasks:

VM state: at safepoint (normal execution)

VM Mutex/Monitor currently owned by a thread:  ([mutex/lock_event])
[0x000001dc03dd0110] Threads_lock - owner thread: 0x000001dc2b33c9e0
[0x000001dc03dce6a0] Heap_lock - owner thread: 0x000001dc03e6a660

Heap address: 0x0000000680000000, size: 6144 MB, Compressed Oops mode: Zero based, Oop shift amount: 3

CDS archive(s) mapped at: [0x000001dc2c000000-0x000001dc2cbb0000-0x000001dc2cbb0000), size 12255232, SharedBaseAddress: 0x000001dc2c000000, ArchiveRelocationMode: 1.
Compressed class space mapped at: 0x000001dc2d000000-0x000001dc6d000000, reserved size: 1073741824
Narrow klass base: 0x000001dc2c000000, Narrow klass shift: 0, Narrow klass range: 0x100000000

GC Precious Log:
 CPUs: 8 total, 8 available
 Memory: 5966M
 Large Page Support: Disabled
 NUMA Support: Disabled
 Compressed Oops: Enabled (Zero based)
 Heap Region Size: 4M
 Heap Min Capacity: 8M
 Heap Initial Capacity: 96M
 Heap Max Capacity: 6G
 Pre-touch: Disabled
 Parallel Workers: 8
 Concurrent Workers: 2
 Concurrent Refinement Workers: 8
 Periodic GC: Disabled

Heap:
 garbage-first heap   total 2719744K, used 2670654K [0x0000000680000000, 0x0000000800000000)
  region size 4096K, 2 young (8192K), 1 survivors (4096K)
 Metaspace       used 132679K, committed 134336K, reserved 1179648K
  class space    used 17182K, committed 17984K, reserved 1048576K

Heap Regions: E=young(eden), S=young(survivor), O=old, HS=humongous(starts), HC=humongous(continues), CS=collection set, F=free, OA=open archive, CA=closed archive, TAMS=top-at-mark-start (previous, next)
|   0|0x0000000680000000, 0x0000000680400000, 0x0000000680400000|100%|HS|  |TAMS 0x0000000680400000, 0x0000000680000000| Complete 
|   1|0x0000000680400000, 0x0000000680800000, 0x0000000680800000|100%| O|  |TAMS 0x0000000680800000, 0x0000000680400000| Untracked 
|   2|0x0000000680800000, 0x0000000680c00000, 0x0000000680c00000|100%| O|  |TAMS 0x0000000680c00000, 0x0000000680800000| Untracked 
|   3|0x0000000680c00000, 0x0000000681000000, 0x0000000681000000|100%| O|  |TAMS 0x0000000681000000, 0x0000000680c00000| Untracked 
|   4|0x0000000681000000, 0x0000000681400000, 0x0000000681400000|100%| O|  |TAMS 0x0000000681400000, 0x0000000681000000| Untracked 
|   5|0x0000000681400000, 0x0000000681800000, 0x0000000681800000|100%| O|  |TAMS 0x0000000681800000, 0x0000000681400000| Untracked 
|   6|0x0000000681800000, 0x0000000681c00000, 0x0000000681c00000|100%| O|  |TAMS 0x0000000681c00000, 0x0000000681800000| Untracked 
|   7|0x0000000681c00000, 0x0000000682000000, 0x0000000682000000|100%| O|  |TAMS 0x0000000682000000, 0x0000000681c00000| Untracked 
|   8|0x0000000682000000, 0x0000000682400000, 0x0000000682400000|100%| O|  |TAMS 0x0000000682400000, 0x0000000682000000| Untracked 
|   9|0x0000000682400000, 0x0000000682800000, 0x0000000682800000|100%| O|  |TAMS 0x0000000682800000, 0x0000000682400000| Untracked 
|  10|0x0000000682800000, 0x0000000682c00000, 0x0000000682c00000|100%| O|  |TAMS 0x0000000682c00000, 0x0000000682800000| Untracked 
|  11|0x0000000682c00000, 0x0000000683000000, 0x0000000683000000|100%| O|  |TAMS 0x0000000683000000, 0x0000000682c00000| Untracked 
|  12|0x0000000683000000, 0x0000000683400000, 0x0000000683400000|100%| O|  |TAMS 0x0000000683400000, 0x0000000683000000| Untracked 
|  13|0x0000000683400000, 0x0000000683800000, 0x0000000683800000|100%| O|  |TAMS 0x0000000683800000, 0x0000000683400000| Untracked 
|  14|0x0000000683800000, 0x0000000683c00000, 0x0000000683c00000|100%| O|  |TAMS 0x0000000683c00000, 0x0000000683800000| Untracked 
|  15|0x0000000683c00000, 0x0000000684000000, 0x0000000684000000|100%|HS|  |TAMS 0x0000000684000000, 0x0000000683c00000| Complete 
|  16|0x0000000684000000, 0x0000000684000000, 0x0000000684400000|  0%| F|  |TAMS 0x0000000684000000, 0x0000000684000000| Untracked 
|  17|0x0000000684400000, 0x0000000684800000, 0x0000000684800000|100%| O|  |TAMS 0x0000000684800000, 0x0000000684400000| Untracked 
|  18|0x0000000684800000, 0x0000000684c00000, 0x0000000684c00000|100%| O|  |TAMS 0x0000000684c00000, 0x0000000684800000| Untracked 
|  19|0x0000000684c00000, 0x0000000685000000, 0x0000000685000000|100%| O|  |TAMS 0x0000000685000000, 0x0000000684c00000| Untracked 
|  20|0x0000000685000000, 0x0000000685400000, 0x0000000685400000|100%| O|  |TAMS 0x0000000685400000, 0x0000000685000000| Untracked 
|  21|0x0000000685400000, 0x0000000685800000, 0x0000000685800000|100%| O|  |TAMS 0x0000000685800000, 0x0000000685400000| Untracked 
|  22|0x0000000685800000, 0x0000000685c00000, 0x0000000685c00000|100%| O|  |TAMS 0x0000000685c00000, 0x0000000685800000| Untracked 
|  23|0x0000000685c00000, 0x0000000686000000, 0x0000000686000000|100%| O|  |TAMS 0x0000000686000000, 0x0000000685c00000| Untracked 
|  24|0x0000000686000000, 0x0000000686400000, 0x0000000686400000|100%| O|  |TAMS 0x0000000686400000, 0x0000000686000000| Untracked 
|  25|0x0000000686400000, 0x0000000686800000, 0x0000000686800000|100%| O|  |TAMS 0x0000000686800000, 0x0000000686400000| Untracked 
|  26|0x0000000686800000, 0x0000000686c00000, 0x0000000686c00000|100%| O|  |TAMS 0x0000000686c00000, 0x0000000686800000| Untracked 
|  27|0x0000000686c00000, 0x0000000687000000, 0x0000000687000000|100%| O|  |TAMS 0x0000000687000000, 0x0000000686c00000| Untracked 
|  28|0x0000000687000000, 0x0000000687400000, 0x0000000687400000|100%| O|  |TAMS 0x0000000687400000, 0x0000000687000000| Untracked 
|  29|0x0000000687400000, 0x0000000687800000, 0x0000000687800000|100%| O|  |TAMS 0x0000000687800000, 0x0000000687400000| Untracked 
|  30|0x0000000687800000, 0x0000000687c00000, 0x0000000687c00000|100%| O|  |TAMS 0x0000000687c00000, 0x0000000687800000| Untracked 
|  31|0x0000000687c00000, 0x0000000688000000, 0x0000000688000000|100%| O|  |TAMS 0x0000000688000000, 0x0000000687c00000| Untracked 
|  32|0x0000000688000000, 0x0000000688400000, 0x0000000688400000|100%| O|  |TAMS 0x0000000688400000, 0x0000000688000000| Untracked 
|  33|0x0000000688400000, 0x0000000688800000, 0x0000000688800000|100%| O|  |TAMS 0x0000000688800000, 0x0000000688400000| Untracked 
|  34|0x0000000688800000, 0x0000000688c00000, 0x0000000688c00000|100%| O|  |TAMS 0x0000000688c00000, 0x0000000688800000| Untracked 
|  35|0x0000000688c00000, 0x0000000689000000, 0x0000000689000000|100%| O|  |TAMS 0x0000000689000000, 0x0000000688c00000| Untracked 
|  36|0x0000000689000000, 0x0000000689400000, 0x0000000689400000|100%| O|  |TAMS 0x0000000689400000, 0x0000000689000000| Untracked 
|  37|0x0000000689400000, 0x0000000689800000, 0x0000000689800000|100%| O|  |TAMS 0x0000000689800000, 0x0000000689400000| Untracked 
|  38|0x0000000689800000, 0x0000000689c00000, 0x0000000689c00000|100%| O|  |TAMS 0x0000000689c00000, 0x0000000689800000| Untracked 
|  39|0x0000000689c00000, 0x000000068a000000, 0x000000068a000000|100%| O|  |TAMS 0x000000068a000000, 0x0000000689c00000| Untracked 
|  40|0x000000068a000000, 0x000000068a400000, 0x000000068a400000|100%| O|  |TAMS 0x000000068a400000, 0x000000068a000000| Untracked 
|  41|0x000000068a400000, 0x000000068a800000, 0x000000068a800000|100%| O|  |TAMS 0x000000068a800000, 0x000000068a400000| Untracked 
|  42|0x000000068a800000, 0x000000068ac00000, 0x000000068ac00000|100%| O|  |TAMS 0x000000068ac00000, 0x000000068a800000| Untracked 
|  43|0x000000068ac00000, 0x000000068b000000, 0x000000068b000000|100%| O|  |TAMS 0x000000068b000000, 0x000000068ac00000| Untracked 
|  44|0x000000068b000000, 0x000000068b400000, 0x000000068b400000|100%| O|  |TAMS 0x000000068b400000, 0x000000068b000000| Untracked 
|  45|0x000000068b400000, 0x000000068b800000, 0x000000068b800000|100%| O|  |TAMS 0x000000068b800000, 0x000000068b400000| Untracked 
|  46|0x000000068b800000, 0x000000068bc00000, 0x000000068bc00000|100%| O|  |TAMS 0x000000068bc00000, 0x000000068b800000| Untracked 
|  47|0x000000068bc00000, 0x000000068c000000, 0x000000068c000000|100%| O|  |TAMS 0x000000068c000000, 0x000000068bc00000| Untracked 
|  48|0x000000068c000000, 0x000000068c400000, 0x000000068c400000|100%| O|  |TAMS 0x000000068c400000, 0x000000068c000000| Untracked 
|  49|0x000000068c400000, 0x000000068c800000, 0x000000068c800000|100%| O|  |TAMS 0x000000068c800000, 0x000000068c400000| Untracked 
|  50|0x000000068c800000, 0x000000068cc00000, 0x000000068cc00000|100%| O|  |TAMS 0x000000068cc00000, 0x000000068c800000| Untracked 
|  51|0x000000068cc00000, 0x000000068d000000, 0x000000068d000000|100%| O|  |TAMS 0x000000068d000000, 0x000000068cc00000| Untracked 
|  52|0x000000068d000000, 0x000000068d400000, 0x000000068d400000|100%| O|  |TAMS 0x000000068d400000, 0x000000068d000000| Untracked 
|  53|0x000000068d400000, 0x000000068d800000, 0x000000068d800000|100%| O|  |TAMS 0x000000068d800000, 0x000000068d400000| Untracked 
|  54|0x000000068d800000, 0x000000068dc00000, 0x000000068dc00000|100%| O|  |TAMS 0x000000068dc00000, 0x000000068d800000| Untracked 
|  55|0x000000068dc00000, 0x000000068e000000, 0x000000068e000000|100%| O|  |TAMS 0x000000068e000000, 0x000000068dc00000| Untracked 
|  56|0x000000068e000000, 0x000000068e400000, 0x000000068e400000|100%| O|  |TAMS 0x000000068e400000, 0x000000068e000000| Untracked 
|  57|0x000000068e400000, 0x000000068e800000, 0x000000068e800000|100%| O|  |TAMS 0x000000068e800000, 0x000000068e400000| Untracked 
|  58|0x000000068e800000, 0x000000068ec00000, 0x000000068ec00000|100%| O|  |TAMS 0x000000068ec00000, 0x000000068e800000| Untracked 
|  59|0x000000068ec00000, 0x000000068f000000, 0x000000068f000000|100%| O|  |TAMS 0x000000068f000000, 0x000000068ec00000| Untracked 
|  60|0x000000068f000000, 0x000000068f400000, 0x000000068f400000|100%| O|  |TAMS 0x000000068f400000, 0x000000068f000000| Untracked 
|  61|0x000000068f400000, 0x000000068f800000, 0x000000068f800000|100%| O|  |TAMS 0x000000068f800000, 0x000000068f400000| Untracked 
|  62|0x000000068f800000, 0x000000068fc00000, 0x000000068fc00000|100%| O|  |TAMS 0x000000068fc00000, 0x000000068f800000| Untracked 
|  63|0x000000068fc00000, 0x0000000690000000, 0x0000000690000000|100%| O|  |TAMS 0x0000000690000000, 0x000000068fc00000| Untracked 
|  64|0x0000000690000000, 0x0000000690400000, 0x0000000690400000|100%| O|  |TAMS 0x0000000690400000, 0x0000000690000000| Untracked 
|  65|0x0000000690400000, 0x0000000690800000, 0x0000000690800000|100%| O|  |TAMS 0x0000000690800000, 0x0000000690400000| Untracked 
|  66|0x0000000690800000, 0x0000000690c00000, 0x0000000690c00000|100%| O|  |TAMS 0x0000000690c00000, 0x0000000690800000| Untracked 
|  67|0x0000000690c00000, 0x0000000691000000, 0x0000000691000000|100%| O|  |TAMS 0x0000000691000000, 0x0000000690c00000| Untracked 
|  68|0x0000000691000000, 0x0000000691400000, 0x0000000691400000|100%| O|  |TAMS 0x0000000691400000, 0x0000000691000000| Untracked 
|  69|0x0000000691400000, 0x0000000691800000, 0x0000000691800000|100%| O|  |TAMS 0x0000000691800000, 0x0000000691400000| Untracked 
|  70|0x0000000691800000, 0x0000000691c00000, 0x0000000691c00000|100%| O|  |TAMS 0x0000000691c00000, 0x0000000691800000| Untracked 
|  71|0x0000000691c00000, 0x0000000692000000, 0x0000000692000000|100%| O|  |TAMS 0x0000000692000000, 0x0000000691c00000| Untracked 
|  72|0x0000000692000000, 0x0000000692400000, 0x0000000692400000|100%| O|  |TAMS 0x0000000692400000, 0x0000000692000000| Untracked 
|  73|0x0000000692400000, 0x0000000692800000, 0x0000000692800000|100%| O|  |TAMS 0x0000000692800000, 0x0000000692400000| Untracked 
|  74|0x0000000692800000, 0x0000000692c00000, 0x0000000692c00000|100%| O|  |TAMS 0x0000000692c00000, 0x0000000692800000| Untracked 
|  75|0x0000000692c00000, 0x0000000693000000, 0x0000000693000000|100%| O|  |TAMS 0x0000000693000000, 0x0000000692c00000| Untracked 
|  76|0x0000000693000000, 0x0000000693400000, 0x0000000693400000|100%| O|  |TAMS 0x0000000693400000, 0x0000000693000000| Untracked 
|  77|0x0000000693400000, 0x0000000693800000, 0x0000000693800000|100%| O|  |TAMS 0x0000000693800000, 0x0000000693400000| Untracked 
|  78|0x0000000693800000, 0x0000000693c00000, 0x0000000693c00000|100%| O|  |TAMS 0x0000000693c00000, 0x0000000693800000| Untracked 
|  79|0x0000000693c00000, 0x0000000694000000, 0x0000000694000000|100%| O|  |TAMS 0x0000000694000000, 0x0000000693c00000| Untracked 
|  80|0x0000000694000000, 0x0000000694400000, 0x0000000694400000|100%| O|  |TAMS 0x0000000694400000, 0x0000000694000000| Untracked 
|  81|0x0000000694400000, 0x0000000694800000, 0x0000000694800000|100%| O|  |TAMS 0x0000000694800000, 0x0000000694400000| Untracked 
|  82|0x0000000694800000, 0x0000000694c00000, 0x0000000694c00000|100%| O|  |TAMS 0x0000000694c00000, 0x0000000694800000| Untracked 
|  83|0x0000000694c00000, 0x0000000695000000, 0x0000000695000000|100%| O|  |TAMS 0x0000000695000000, 0x0000000694c00000| Untracked 
|  84|0x0000000695000000, 0x0000000695400000, 0x0000000695400000|100%| O|  |TAMS 0x0000000695400000, 0x0000000695000000| Untracked 
|  85|0x0000000695400000, 0x0000000695800000, 0x0000000695800000|100%| O|  |TAMS 0x0000000695800000, 0x0000000695400000| Untracked 
|  86|0x0000000695800000, 0x0000000695c00000, 0x0000000695c00000|100%| O|  |TAMS 0x0000000695c00000, 0x0000000695800000| Untracked 
|  87|0x0000000695c00000, 0x0000000696000000, 0x0000000696000000|100%| O|  |TAMS 0x0000000696000000, 0x0000000695c00000| Untracked 
|  88|0x0000000696000000, 0x0000000696400000, 0x0000000696400000|100%| O|  |TAMS 0x0000000696400000, 0x0000000696000000| Untracked 
|  89|0x0000000696400000, 0x0000000696800000, 0x0000000696800000|100%| O|  |TAMS 0x0000000696800000, 0x0000000696400000| Untracked 
|  90|0x0000000696800000, 0x0000000696c00000, 0x0000000696c00000|100%| O|  |TAMS 0x0000000696c00000, 0x0000000696800000| Untracked 
|  91|0x0000000696c00000, 0x0000000697000000, 0x0000000697000000|100%| O|  |TAMS 0x0000000697000000, 0x0000000696c00000| Untracked 
|  92|0x0000000697000000, 0x0000000697400000, 0x0000000697400000|100%| O|  |TAMS 0x0000000697400000, 0x0000000697000000| Untracked 
|  93|0x0000000697400000, 0x0000000697800000, 0x0000000697800000|100%| O|  |TAMS 0x0000000697800000, 0x0000000697400000| Untracked 
|  94|0x0000000697800000, 0x0000000697c00000, 0x0000000697c00000|100%| O|  |TAMS 0x0000000697c00000, 0x0000000697800000| Untracked 
|  95|0x0000000697c00000, 0x0000000698000000, 0x0000000698000000|100%| O|  |TAMS 0x0000000698000000, 0x0000000697c00000| Untracked 
|  96|0x0000000698000000, 0x0000000698400000, 0x0000000698400000|100%| O|  |TAMS 0x0000000698400000, 0x0000000698000000| Untracked 
|  97|0x0000000698400000, 0x0000000698800000, 0x0000000698800000|100%| O|  |TAMS 0x0000000698800000, 0x0000000698400000| Untracked 
|  98|0x0000000698800000, 0x0000000698c00000, 0x0000000698c00000|100%| O|  |TAMS 0x0000000698c00000, 0x0000000698800000| Untracked 
|  99|0x0000000698c00000, 0x0000000699000000, 0x0000000699000000|100%| O|  |TAMS 0x0000000699000000, 0x0000000698c00000| Untracked 
| 100|0x0000000699000000, 0x0000000699400000, 0x0000000699400000|100%| O|  |TAMS 0x0000000699400000, 0x0000000699000000| Untracked 
| 101|0x0000000699400000, 0x0000000699800000, 0x0000000699800000|100%| O|  |TAMS 0x0000000699800000, 0x0000000699400000| Untracked 
| 102|0x0000000699800000, 0x0000000699c00000, 0x0000000699c00000|100%| O|  |TAMS 0x0000000699c00000, 0x0000000699800000| Untracked 
| 103|0x0000000699c00000, 0x000000069a000000, 0x000000069a000000|100%| O|  |TAMS 0x000000069a000000, 0x0000000699c00000| Untracked 
| 104|0x000000069a000000, 0x000000069a400000, 0x000000069a400000|100%| O|  |TAMS 0x000000069a400000, 0x000000069a000000| Untracked 
| 105|0x000000069a400000, 0x000000069a800000, 0x000000069a800000|100%| O|  |TAMS 0x000000069a800000, 0x000000069a400000| Untracked 
| 106|0x000000069a800000, 0x000000069ac00000, 0x000000069ac00000|100%| O|  |TAMS 0x000000069ac00000, 0x000000069a800000| Untracked 
| 107|0x000000069ac00000, 0x000000069b000000, 0x000000069b000000|100%| O|  |TAMS 0x000000069b000000, 0x000000069ac00000| Untracked 
| 108|0x000000069b000000, 0x000000069b400000, 0x000000069b400000|100%| O|  |TAMS 0x000000069b400000, 0x000000069b000000| Untracked 
| 109|0x000000069b400000, 0x000000069b800000, 0x000000069b800000|100%| O|  |TAMS 0x000000069b800000, 0x000000069b400000| Untracked 
| 110|0x000000069b800000, 0x000000069bc00000, 0x000000069bc00000|100%| O|  |TAMS 0x000000069bc00000, 0x000000069b800000| Untracked 
| 111|0x000000069bc00000, 0x000000069c000000, 0x000000069c000000|100%| O|  |TAMS 0x000000069c000000, 0x000000069bc00000| Untracked 
| 112|0x000000069c000000, 0x000000069c400000, 0x000000069c400000|100%| O|  |TAMS 0x000000069c400000, 0x000000069c000000| Untracked 
| 113|0x000000069c400000, 0x000000069c800000, 0x000000069c800000|100%| O|  |TAMS 0x000000069c800000, 0x000000069c400000| Untracked 
| 114|0x000000069c800000, 0x000000069cc00000, 0x000000069cc00000|100%| O|  |TAMS 0x000000069cc00000, 0x000000069c800000| Untracked 
| 115|0x000000069cc00000, 0x000000069d000000, 0x000000069d000000|100%| O|  |TAMS 0x000000069d000000, 0x000000069cc00000| Untracked 
| 116|0x000000069d000000, 0x000000069d400000, 0x000000069d400000|100%| O|  |TAMS 0x000000069d400000, 0x000000069d000000| Untracked 
| 117|0x000000069d400000, 0x000000069d800000, 0x000000069d800000|100%| O|  |TAMS 0x000000069d800000, 0x000000069d400000| Untracked 
| 118|0x000000069d800000, 0x000000069dc00000, 0x000000069dc00000|100%| O|  |TAMS 0x000000069dc00000, 0x000000069d800000| Untracked 
| 119|0x000000069dc00000, 0x000000069e000000, 0x000000069e000000|100%| O|  |TAMS 0x000000069e000000, 0x000000069dc00000| Untracked 
| 120|0x000000069e000000, 0x000000069e400000, 0x000000069e400000|100%| O|  |TAMS 0x000000069e400000, 0x000000069e000000| Untracked 
| 121|0x000000069e400000, 0x000000069e800000, 0x000000069e800000|100%| O|  |TAMS 0x000000069e800000, 0x000000069e400000| Untracked 
| 122|0x000000069e800000, 0x000000069ec00000, 0x000000069ec00000|100%| O|  |TAMS 0x000000069ec00000, 0x000000069e800000| Untracked 
| 123|0x000000069ec00000, 0x000000069f000000, 0x000000069f000000|100%| O|  |TAMS 0x000000069f000000, 0x000000069ec00000| Untracked 
| 124|0x000000069f000000, 0x000000069f400000, 0x000000069f400000|100%| O|  |TAMS 0x000000069f400000, 0x000000069f000000| Untracked 
| 125|0x000000069f400000, 0x000000069f800000, 0x000000069f800000|100%| O|  |TAMS 0x000000069f800000, 0x000000069f400000| Untracked 
| 126|0x000000069f800000, 0x000000069fc00000, 0x000000069fc00000|100%| O|  |TAMS 0x000000069fc00000, 0x000000069f800000| Untracked 
| 127|0x000000069fc00000, 0x00000006a0000000, 0x00000006a0000000|100%| O|  |TAMS 0x00000006a0000000, 0x000000069fc00000| Untracked 
| 128|0x00000006a0000000, 0x00000006a0400000, 0x00000006a0400000|100%| O|  |TAMS 0x00000006a0400000, 0x00000006a0000000| Untracked 
| 129|0x00000006a0400000, 0x00000006a0800000, 0x00000006a0800000|100%| O|  |TAMS 0x00000006a0800000, 0x00000006a0400000| Untracked 
| 130|0x00000006a0800000, 0x00000006a0c00000, 0x00000006a0c00000|100%| O|  |TAMS 0x00000006a0c00000, 0x00000006a0800000| Untracked 
| 131|0x00000006a0c00000, 0x00000006a1000000, 0x00000006a1000000|100%| O|  |TAMS 0x00000006a1000000, 0x00000006a0c00000| Untracked 
| 132|0x00000006a1000000, 0x00000006a1400000, 0x00000006a1400000|100%| O|  |TAMS 0x00000006a1400000, 0x00000006a1000000| Untracked 
| 133|0x00000006a1400000, 0x00000006a1800000, 0x00000006a1800000|100%| O|  |TAMS 0x00000006a1800000, 0x00000006a1400000| Untracked 
| 134|0x00000006a1800000, 0x00000006a1c00000, 0x00000006a1c00000|100%| O|  |TAMS 0x00000006a1c00000, 0x00000006a1800000| Untracked 
| 135|0x00000006a1c00000, 0x00000006a2000000, 0x00000006a2000000|100%| O|  |TAMS 0x00000006a2000000, 0x00000006a1c00000| Untracked 
| 136|0x00000006a2000000, 0x00000006a2400000, 0x00000006a2400000|100%| O|  |TAMS 0x00000006a2400000, 0x00000006a2000000| Untracked 
| 137|0x00000006a2400000, 0x00000006a2800000, 0x00000006a2800000|100%| O|  |TAMS 0x00000006a2800000, 0x00000006a2400000| Untracked 
| 138|0x00000006a2800000, 0x00000006a2c00000, 0x00000006a2c00000|100%| O|  |TAMS 0x00000006a2c00000, 0x00000006a2800000| Untracked 
| 139|0x00000006a2c00000, 0x00000006a3000000, 0x00000006a3000000|100%| O|  |TAMS 0x00000006a3000000, 0x00000006a2c00000| Untracked 
| 140|0x00000006a3000000, 0x00000006a3400000, 0x00000006a3400000|100%| O|  |TAMS 0x00000006a3400000, 0x00000006a3000000| Untracked 
| 141|0x00000006a3400000, 0x00000006a3800000, 0x00000006a3800000|100%| O|  |TAMS 0x00000006a3800000, 0x00000006a3400000| Untracked 
| 142|0x00000006a3800000, 0x00000006a3c00000, 0x00000006a3c00000|100%| O|  |TAMS 0x00000006a3c00000, 0x00000006a3800000| Untracked 
| 143|0x00000006a3c00000, 0x00000006a4000000, 0x00000006a4000000|100%| O|  |TAMS 0x00000006a4000000, 0x00000006a3c00000| Untracked 
| 144|0x00000006a4000000, 0x00000006a4400000, 0x00000006a4400000|100%| O|  |TAMS 0x00000006a4400000, 0x00000006a4000000| Untracked 
| 145|0x00000006a4400000, 0x00000006a4800000, 0x00000006a4800000|100%| O|  |TAMS 0x00000006a4800000, 0x00000006a4400000| Untracked 
| 146|0x00000006a4800000, 0x00000006a4c00000, 0x00000006a4c00000|100%| O|  |TAMS 0x00000006a4c00000, 0x00000006a4800000| Untracked 
| 147|0x00000006a4c00000, 0x00000006a5000000, 0x00000006a5000000|100%| O|  |TAMS 0x00000006a5000000, 0x00000006a4c00000| Untracked 
| 148|0x00000006a5000000, 0x00000006a5400000, 0x00000006a5400000|100%| O|  |TAMS 0x00000006a5400000, 0x00000006a5000000| Untracked 
| 149|0x00000006a5400000, 0x00000006a5800000, 0x00000006a5800000|100%| O|  |TAMS 0x00000006a5800000, 0x00000006a5400000| Untracked 
| 150|0x00000006a5800000, 0x00000006a5c00000, 0x00000006a5c00000|100%| O|  |TAMS 0x00000006a5c00000, 0x00000006a5800000| Untracked 
| 151|0x00000006a5c00000, 0x00000006a6000000, 0x00000006a6000000|100%| O|  |TAMS 0x00000006a6000000, 0x00000006a5c00000| Untracked 
| 152|0x00000006a6000000, 0x00000006a6400000, 0x00000006a6400000|100%| O|  |TAMS 0x00000006a6400000, 0x00000006a6000000| Untracked 
| 153|0x00000006a6400000, 0x00000006a6800000, 0x00000006a6800000|100%| O|  |TAMS 0x00000006a6800000, 0x00000006a6400000| Untracked 
| 154|0x00000006a6800000, 0x00000006a6c00000, 0x00000006a6c00000|100%| O|  |TAMS 0x00000006a6c00000, 0x00000006a6800000| Untracked 
| 155|0x00000006a6c00000, 0x00000006a7000000, 0x00000006a7000000|100%| O|  |TAMS 0x00000006a7000000, 0x00000006a6c00000| Untracked 
| 156|0x00000006a7000000, 0x00000006a7400000, 0x00000006a7400000|100%| O|  |TAMS 0x00000006a7400000, 0x00000006a7000000| Untracked 
| 157|0x00000006a7400000, 0x00000006a7800000, 0x00000006a7800000|100%| O|  |TAMS 0x00000006a7800000, 0x00000006a7400000| Untracked 
| 158|0x00000006a7800000, 0x00000006a7c00000, 0x00000006a7c00000|100%| O|  |TAMS 0x00000006a7c00000, 0x00000006a7800000| Untracked 
| 159|0x00000006a7c00000, 0x00000006a8000000, 0x00000006a8000000|100%| O|  |TAMS 0x00000006a8000000, 0x00000006a7c00000| Untracked 
| 160|0x00000006a8000000, 0x00000006a8400000, 0x00000006a8400000|100%| O|  |TAMS 0x00000006a8400000, 0x00000006a8000000| Untracked 
| 161|0x00000006a8400000, 0x00000006a8800000, 0x00000006a8800000|100%| O|  |TAMS 0x00000006a8800000, 0x00000006a8400000| Untracked 
| 162|0x00000006a8800000, 0x00000006a8c00000, 0x00000006a8c00000|100%| O|  |TAMS 0x00000006a8c00000, 0x00000006a8800000| Untracked 
| 163|0x00000006a8c00000, 0x00000006a9000000, 0x00000006a9000000|100%| O|  |TAMS 0x00000006a9000000, 0x00000006a8c00000| Untracked 
| 164|0x00000006a9000000, 0x00000006a9400000, 0x00000006a9400000|100%| O|  |TAMS 0x00000006a9400000, 0x00000006a9000000| Untracked 
| 165|0x00000006a9400000, 0x00000006a9800000, 0x00000006a9800000|100%| O|  |TAMS 0x00000006a9800000, 0x00000006a9400000| Untracked 
| 166|0x00000006a9800000, 0x00000006a9c00000, 0x00000006a9c00000|100%| O|  |TAMS 0x00000006a9c00000, 0x00000006a9800000| Untracked 
| 167|0x00000006a9c00000, 0x00000006aa000000, 0x00000006aa000000|100%| O|  |TAMS 0x00000006aa000000, 0x00000006a9c00000| Untracked 
| 168|0x00000006aa000000, 0x00000006aa400000, 0x00000006aa400000|100%| O|  |TAMS 0x00000006aa400000, 0x00000006aa000000| Untracked 
| 169|0x00000006aa400000, 0x00000006aa800000, 0x00000006aa800000|100%| O|  |TAMS 0x00000006aa800000, 0x00000006aa400000| Untracked 
| 170|0x00000006aa800000, 0x00000006aac00000, 0x00000006aac00000|100%| O|  |TAMS 0x00000006aac00000, 0x00000006aa800000| Untracked 
| 171|0x00000006aac00000, 0x00000006ab000000, 0x00000006ab000000|100%| O|  |TAMS 0x00000006ab000000, 0x00000006aac00000| Untracked 
| 172|0x00000006ab000000, 0x00000006ab400000, 0x00000006ab400000|100%| O|  |TAMS 0x00000006ab400000, 0x00000006ab000000| Untracked 
| 173|0x00000006ab400000, 0x00000006ab800000, 0x00000006ab800000|100%| O|  |TAMS 0x00000006ab800000, 0x00000006ab400000| Untracked 
| 174|0x00000006ab800000, 0x00000006abc00000, 0x00000006abc00000|100%| O|  |TAMS 0x00000006abc00000, 0x00000006ab800000| Untracked 
| 175|0x00000006abc00000, 0x00000006ac000000, 0x00000006ac000000|100%| O|  |TAMS 0x00000006ac000000, 0x00000006abc00000| Untracked 
| 176|0x00000006ac000000, 0x00000006ac400000, 0x00000006ac400000|100%| O|  |TAMS 0x00000006ac400000, 0x00000006ac000000| Untracked 
| 177|0x00000006ac400000, 0x00000006ac800000, 0x00000006ac800000|100%| O|  |TAMS 0x00000006ac800000, 0x00000006ac400000| Untracked 
| 178|0x00000006ac800000, 0x00000006acc00000, 0x00000006acc00000|100%| O|  |TAMS 0x00000006acc00000, 0x00000006ac800000| Untracked 
| 179|0x00000006acc00000, 0x00000006ad000000, 0x00000006ad000000|100%| O|  |TAMS 0x00000006ad000000, 0x00000006acc00000| Untracked 
| 180|0x00000006ad000000, 0x00000006ad400000, 0x00000006ad400000|100%| O|  |TAMS 0x00000006ad400000, 0x00000006ad000000| Untracked 
| 181|0x00000006ad400000, 0x00000006ad800000, 0x00000006ad800000|100%| O|  |TAMS 0x00000006ad800000, 0x00000006ad400000| Untracked 
| 182|0x00000006ad800000, 0x00000006adc00000, 0x00000006adc00000|100%| O|  |TAMS 0x00000006adc00000, 0x00000006ad800000| Untracked 
| 183|0x00000006adc00000, 0x00000006ae000000, 0x00000006ae000000|100%| O|  |TAMS 0x00000006ae000000, 0x00000006adc00000| Untracked 
| 184|0x00000006ae000000, 0x00000006ae400000, 0x00000006ae400000|100%| O|  |TAMS 0x00000006ae400000, 0x00000006ae000000| Untracked 
| 185|0x00000006ae400000, 0x00000006ae800000, 0x00000006ae800000|100%| O|  |TAMS 0x00000006ae800000, 0x00000006ae400000| Untracked 
| 186|0x00000006ae800000, 0x00000006aec00000, 0x00000006aec00000|100%| O|  |TAMS 0x00000006aec00000, 0x00000006ae800000| Untracked 
| 187|0x00000006aec00000, 0x00000006af000000, 0x00000006af000000|100%| O|  |TAMS 0x00000006af000000, 0x00000006aec00000| Untracked 
| 188|0x00000006af000000, 0x00000006af400000, 0x00000006af400000|100%| O|  |TAMS 0x00000006af400000, 0x00000006af000000| Untracked 
| 189|0x00000006af400000, 0x00000006af800000, 0x00000006af800000|100%| O|  |TAMS 0x00000006af800000, 0x00000006af400000| Untracked 
| 190|0x00000006af800000, 0x00000006afc00000, 0x00000006afc00000|100%| O|  |TAMS 0x00000006afc00000, 0x00000006af800000| Untracked 
| 191|0x00000006afc00000, 0x00000006b0000000, 0x00000006b0000000|100%| O|  |TAMS 0x00000006b0000000, 0x00000006afc00000| Untracked 
| 192|0x00000006b0000000, 0x00000006b0400000, 0x00000006b0400000|100%| O|  |TAMS 0x00000006b0400000, 0x00000006b0000000| Untracked 
| 193|0x00000006b0400000, 0x00000006b0800000, 0x00000006b0800000|100%| O|  |TAMS 0x00000006b0800000, 0x00000006b0400000| Untracked 
| 194|0x00000006b0800000, 0x00000006b0c00000, 0x00000006b0c00000|100%| O|  |TAMS 0x00000006b0c00000, 0x00000006b0800000| Untracked 
| 195|0x00000006b0c00000, 0x00000006b1000000, 0x00000006b1000000|100%| O|  |TAMS 0x00000006b1000000, 0x00000006b0c00000| Untracked 
| 196|0x00000006b1000000, 0x00000006b1400000, 0x00000006b1400000|100%| O|  |TAMS 0x00000006b1400000, 0x00000006b1000000| Untracked 
| 197|0x00000006b1400000, 0x00000006b1800000, 0x00000006b1800000|100%| O|  |TAMS 0x00000006b1800000, 0x00000006b1400000| Untracked 
| 198|0x00000006b1800000, 0x00000006b1c00000, 0x00000006b1c00000|100%| O|  |TAMS 0x00000006b1c00000, 0x00000006b1800000| Untracked 
| 199|0x00000006b1c00000, 0x00000006b2000000, 0x00000006b2000000|100%| O|  |TAMS 0x00000006b2000000, 0x00000006b1c00000| Untracked 
| 200|0x00000006b2000000, 0x00000006b2400000, 0x00000006b2400000|100%| O|  |TAMS 0x00000006b2400000, 0x00000006b2000000| Untracked 
| 201|0x00000006b2400000, 0x00000006b2800000, 0x00000006b2800000|100%| O|  |TAMS 0x00000006b2800000, 0x00000006b2400000| Untracked 
| 202|0x00000006b2800000, 0x00000006b2c00000, 0x00000006b2c00000|100%| O|  |TAMS 0x00000006b2c00000, 0x00000006b2800000| Untracked 
| 203|0x00000006b2c00000, 0x00000006b3000000, 0x00000006b3000000|100%| O|  |TAMS 0x00000006b3000000, 0x00000006b2c00000| Untracked 
| 204|0x00000006b3000000, 0x00000006b3400000, 0x00000006b3400000|100%| O|  |TAMS 0x00000006b3400000, 0x00000006b3000000| Untracked 
| 205|0x00000006b3400000, 0x00000006b3800000, 0x00000006b3800000|100%| O|  |TAMS 0x00000006b3800000, 0x00000006b3400000| Untracked 
| 206|0x00000006b3800000, 0x00000006b3c00000, 0x00000006b3c00000|100%| O|  |TAMS 0x00000006b3c00000, 0x00000006b3800000| Untracked 
| 207|0x00000006b3c00000, 0x00000006b4000000, 0x00000006b4000000|100%| O|  |TAMS 0x00000006b4000000, 0x00000006b3c00000| Untracked 
| 208|0x00000006b4000000, 0x00000006b4400000, 0x00000006b4400000|100%| O|  |TAMS 0x00000006b4400000, 0x00000006b4000000| Untracked 
| 209|0x00000006b4400000, 0x00000006b4800000, 0x00000006b4800000|100%| O|  |TAMS 0x00000006b4800000, 0x00000006b4400000| Untracked 
| 210|0x00000006b4800000, 0x00000006b4c00000, 0x00000006b4c00000|100%| O|  |TAMS 0x00000006b4c00000, 0x00000006b4800000| Untracked 
| 211|0x00000006b4c00000, 0x00000006b5000000, 0x00000006b5000000|100%| O|  |TAMS 0x00000006b5000000, 0x00000006b4c00000| Untracked 
| 212|0x00000006b5000000, 0x00000006b5400000, 0x00000006b5400000|100%| O|  |TAMS 0x00000006b5400000, 0x00000006b5000000| Untracked 
| 213|0x00000006b5400000, 0x00000006b5800000, 0x00000006b5800000|100%| O|  |TAMS 0x00000006b5800000, 0x00000006b5400000| Untracked 
| 214|0x00000006b5800000, 0x00000006b5c00000, 0x00000006b5c00000|100%| O|  |TAMS 0x00000006b5c00000, 0x00000006b5800000| Untracked 
| 215|0x00000006b5c00000, 0x00000006b6000000, 0x00000006b6000000|100%| O|  |TAMS 0x00000006b6000000, 0x00000006b5c00000| Untracked 
| 216|0x00000006b6000000, 0x00000006b6400000, 0x00000006b6400000|100%| O|  |TAMS 0x00000006b6400000, 0x00000006b6000000| Untracked 
| 217|0x00000006b6400000, 0x00000006b6800000, 0x00000006b6800000|100%| O|  |TAMS 0x00000006b6800000, 0x00000006b6400000| Untracked 
| 218|0x00000006b6800000, 0x00000006b6c00000, 0x00000006b6c00000|100%| O|  |TAMS 0x00000006b6c00000, 0x00000006b6800000| Untracked 
| 219|0x00000006b6c00000, 0x00000006b7000000, 0x00000006b7000000|100%| O|  |TAMS 0x00000006b7000000, 0x00000006b6c00000| Untracked 
| 220|0x00000006b7000000, 0x00000006b7400000, 0x00000006b7400000|100%| O|  |TAMS 0x00000006b7400000, 0x00000006b7000000| Untracked 
| 221|0x00000006b7400000, 0x00000006b7800000, 0x00000006b7800000|100%| O|  |TAMS 0x00000006b7800000, 0x00000006b7400000| Untracked 
| 222|0x00000006b7800000, 0x00000006b7c00000, 0x00000006b7c00000|100%| O|  |TAMS 0x00000006b7c00000, 0x00000006b7800000| Untracked 
| 223|0x00000006b7c00000, 0x00000006b8000000, 0x00000006b8000000|100%| O|  |TAMS 0x00000006b8000000, 0x00000006b7c00000| Untracked 
| 224|0x00000006b8000000, 0x00000006b8400000, 0x00000006b8400000|100%| O|  |TAMS 0x00000006b8400000, 0x00000006b8000000| Untracked 
| 225|0x00000006b8400000, 0x00000006b8800000, 0x00000006b8800000|100%| O|  |TAMS 0x00000006b8800000, 0x00000006b8400000| Untracked 
| 226|0x00000006b8800000, 0x00000006b8c00000, 0x00000006b8c00000|100%| O|  |TAMS 0x00000006b8c00000, 0x00000006b8800000| Untracked 
| 227|0x00000006b8c00000, 0x00000006b9000000, 0x00000006b9000000|100%| O|  |TAMS 0x00000006b9000000, 0x00000006b8c00000| Untracked 
| 228|0x00000006b9000000, 0x00000006b9400000, 0x00000006b9400000|100%| O|  |TAMS 0x00000006b9400000, 0x00000006b9000000| Untracked 
| 229|0x00000006b9400000, 0x00000006b9800000, 0x00000006b9800000|100%| O|  |TAMS 0x00000006b9800000, 0x00000006b9400000| Untracked 
| 230|0x00000006b9800000, 0x00000006b9c00000, 0x00000006b9c00000|100%| O|  |TAMS 0x00000006b9c00000, 0x00000006b9800000| Untracked 
| 231|0x00000006b9c00000, 0x00000006ba000000, 0x00000006ba000000|100%| O|  |TAMS 0x00000006ba000000, 0x00000006b9c00000| Untracked 
| 232|0x00000006ba000000, 0x00000006ba400000, 0x00000006ba400000|100%| O|  |TAMS 0x00000006ba400000, 0x00000006ba000000| Untracked 
| 233|0x00000006ba400000, 0x00000006ba800000, 0x00000006ba800000|100%| O|  |TAMS 0x00000006ba800000, 0x00000006ba400000| Untracked 
| 234|0x00000006ba800000, 0x00000006bac00000, 0x00000006bac00000|100%| O|  |TAMS 0x00000006bac00000, 0x00000006ba800000| Untracked 
| 235|0x00000006bac00000, 0x00000006bb000000, 0x00000006bb000000|100%| O|  |TAMS 0x00000006bb000000, 0x00000006bac00000| Untracked 
| 236|0x00000006bb000000, 0x00000006bb400000, 0x00000006bb400000|100%| O|  |TAMS 0x00000006bb400000, 0x00000006bb000000| Untracked 
| 237|0x00000006bb400000, 0x00000006bb800000, 0x00000006bb800000|100%| O|  |TAMS 0x00000006bb800000, 0x00000006bb400000| Untracked 
| 238|0x00000006bb800000, 0x00000006bbc00000, 0x00000006bbc00000|100%| O|  |TAMS 0x00000006bbc00000, 0x00000006bb800000| Untracked 
| 239|0x00000006bbc00000, 0x00000006bc000000, 0x00000006bc000000|100%| O|  |TAMS 0x00000006bc000000, 0x00000006bbc00000| Untracked 
| 240|0x00000006bc000000, 0x00000006bc400000, 0x00000006bc400000|100%| O|  |TAMS 0x00000006bc400000, 0x00000006bc000000| Untracked 
| 241|0x00000006bc400000, 0x00000006bc800000, 0x00000006bc800000|100%| O|  |TAMS 0x00000006bc800000, 0x00000006bc400000| Untracked 
| 242|0x00000006bc800000, 0x00000006bcc00000, 0x00000006bcc00000|100%| O|  |TAMS 0x00000006bcc00000, 0x00000006bc800000| Untracked 
| 243|0x00000006bcc00000, 0x00000006bd000000, 0x00000006bd000000|100%| O|  |TAMS 0x00000006bd000000, 0x00000006bcc00000| Untracked 
| 244|0x00000006bd000000, 0x00000006bd400000, 0x00000006bd400000|100%| O|  |TAMS 0x00000006bd400000, 0x00000006bd000000| Untracked 
| 245|0x00000006bd400000, 0x00000006bd800000, 0x00000006bd800000|100%| O|  |TAMS 0x00000006bd800000, 0x00000006bd400000| Untracked 
| 246|0x00000006bd800000, 0x00000006bdc00000, 0x00000006bdc00000|100%| O|  |TAMS 0x00000006bdc00000, 0x00000006bd800000| Untracked 
| 247|0x00000006bdc00000, 0x00000006be000000, 0x00000006be000000|100%| O|  |TAMS 0x00000006be000000, 0x00000006bdc00000| Untracked 
| 248|0x00000006be000000, 0x00000006be400000, 0x00000006be400000|100%| O|  |TAMS 0x00000006be400000, 0x00000006be000000| Untracked 
| 249|0x00000006be400000, 0x00000006be800000, 0x00000006be800000|100%| O|  |TAMS 0x00000006be800000, 0x00000006be400000| Untracked 
| 250|0x00000006be800000, 0x00000006bec00000, 0x00000006bec00000|100%| O|  |TAMS 0x00000006bec00000, 0x00000006be800000| Untracked 
| 251|0x00000006bec00000, 0x00000006bf000000, 0x00000006bf000000|100%| O|  |TAMS 0x00000006bf000000, 0x00000006bec00000| Untracked 
| 252|0x00000006bf000000, 0x00000006bf400000, 0x00000006bf400000|100%| O|  |TAMS 0x00000006bf400000, 0x00000006bf000000| Untracked 
| 253|0x00000006bf400000, 0x00000006bf800000, 0x00000006bf800000|100%| O|  |TAMS 0x00000006bf800000, 0x00000006bf400000| Untracked 
| 254|0x00000006bf800000, 0x00000006bfc00000, 0x00000006bfc00000|100%| O|  |TAMS 0x00000006bfc00000, 0x00000006bf800000| Untracked 
| 255|0x00000006bfc00000, 0x00000006c0000000, 0x00000006c0000000|100%| O|  |TAMS 0x00000006c0000000, 0x00000006bfc00000| Untracked 
| 256|0x00000006c0000000, 0x00000006c0400000, 0x00000006c0400000|100%| O|  |TAMS 0x00000006c0400000, 0x00000006c0000000| Untracked 
| 257|0x00000006c0400000, 0x00000006c0800000, 0x00000006c0800000|100%| O|  |TAMS 0x00000006c0800000, 0x00000006c0400000| Untracked 
| 258|0x00000006c0800000, 0x00000006c0c00000, 0x00000006c0c00000|100%| O|  |TAMS 0x00000006c0c00000, 0x00000006c0800000| Untracked 
| 259|0x00000006c0c00000, 0x00000006c1000000, 0x00000006c1000000|100%| O|  |TAMS 0x00000006c1000000, 0x00000006c0c00000| Untracked 
| 260|0x00000006c1000000, 0x00000006c1400000, 0x00000006c1400000|100%| O|  |TAMS 0x00000006c1400000, 0x00000006c1000000| Untracked 
| 261|0x00000006c1400000, 0x00000006c1800000, 0x00000006c1800000|100%| O|  |TAMS 0x00000006c1800000, 0x00000006c1400000| Untracked 
| 262|0x00000006c1800000, 0x00000006c1c00000, 0x00000006c1c00000|100%| O|  |TAMS 0x00000006c1c00000, 0x00000006c1800000| Untracked 
| 263|0x00000006c1c00000, 0x00000006c2000000, 0x00000006c2000000|100%| O|  |TAMS 0x00000006c2000000, 0x00000006c1c00000| Untracked 
| 264|0x00000006c2000000, 0x00000006c2400000, 0x00000006c2400000|100%| O|  |TAMS 0x00000006c2400000, 0x00000006c2000000| Untracked 
| 265|0x00000006c2400000, 0x00000006c2800000, 0x00000006c2800000|100%| O|  |TAMS 0x00000006c2800000, 0x00000006c2400000| Untracked 
| 266|0x00000006c2800000, 0x00000006c2c00000, 0x00000006c2c00000|100%| O|  |TAMS 0x00000006c2c00000, 0x00000006c2800000| Untracked 
| 267|0x00000006c2c00000, 0x00000006c3000000, 0x00000006c3000000|100%| O|  |TAMS 0x00000006c3000000, 0x00000006c2c00000| Untracked 
| 268|0x00000006c3000000, 0x00000006c3400000, 0x00000006c3400000|100%| O|  |TAMS 0x00000006c3400000, 0x00000006c3000000| Untracked 
| 269|0x00000006c3400000, 0x00000006c3800000, 0x00000006c3800000|100%| O|  |TAMS 0x00000006c3800000, 0x00000006c3400000| Untracked 
| 270|0x00000006c3800000, 0x00000006c3c00000, 0x00000006c3c00000|100%| O|  |TAMS 0x00000006c3c00000, 0x00000006c3800000| Untracked 
| 271|0x00000006c3c00000, 0x00000006c4000000, 0x00000006c4000000|100%| O|  |TAMS 0x00000006c4000000, 0x00000006c3c00000| Untracked 
| 272|0x00000006c4000000, 0x00000006c4400000, 0x00000006c4400000|100%| O|  |TAMS 0x00000006c4400000, 0x00000006c4000000| Untracked 
| 273|0x00000006c4400000, 0x00000006c4800000, 0x00000006c4800000|100%| O|  |TAMS 0x00000006c4800000, 0x00000006c4400000| Untracked 
| 274|0x00000006c4800000, 0x00000006c4c00000, 0x00000006c4c00000|100%| O|  |TAMS 0x00000006c4c00000, 0x00000006c4800000| Untracked 
| 275|0x00000006c4c00000, 0x00000006c5000000, 0x00000006c5000000|100%| O|  |TAMS 0x00000006c5000000, 0x00000006c4c00000| Untracked 
| 276|0x00000006c5000000, 0x00000006c5400000, 0x00000006c5400000|100%| O|  |TAMS 0x00000006c5400000, 0x00000006c5000000| Untracked 
| 277|0x00000006c5400000, 0x00000006c5800000, 0x00000006c5800000|100%| O|  |TAMS 0x00000006c5800000, 0x00000006c5400000| Untracked 
| 278|0x00000006c5800000, 0x00000006c5c00000, 0x00000006c5c00000|100%| O|  |TAMS 0x00000006c5c00000, 0x00000006c5800000| Untracked 
| 279|0x00000006c5c00000, 0x00000006c6000000, 0x00000006c6000000|100%| O|  |TAMS 0x00000006c6000000, 0x00000006c5c00000| Untracked 
| 280|0x00000006c6000000, 0x00000006c6400000, 0x00000006c6400000|100%| O|  |TAMS 0x00000006c6400000, 0x00000006c6000000| Untracked 
| 281|0x00000006c6400000, 0x00000006c6800000, 0x00000006c6800000|100%| O|  |TAMS 0x00000006c6800000, 0x00000006c6400000| Untracked 
| 282|0x00000006c6800000, 0x00000006c6c00000, 0x00000006c6c00000|100%| O|  |TAMS 0x00000006c6c00000, 0x00000006c6800000| Untracked 
| 283|0x00000006c6c00000, 0x00000006c7000000, 0x00000006c7000000|100%| O|  |TAMS 0x00000006c7000000, 0x00000006c6c00000| Untracked 
| 284|0x00000006c7000000, 0x00000006c7400000, 0x00000006c7400000|100%| O|  |TAMS 0x00000006c7400000, 0x00000006c7000000| Untracked 
| 285|0x00000006c7400000, 0x00000006c7800000, 0x00000006c7800000|100%| O|  |TAMS 0x00000006c7800000, 0x00000006c7400000| Untracked 
| 286|0x00000006c7800000, 0x00000006c7c00000, 0x00000006c7c00000|100%| O|  |TAMS 0x00000006c7c00000, 0x00000006c7800000| Untracked 
| 287|0x00000006c7c00000, 0x00000006c8000000, 0x00000006c8000000|100%| O|  |TAMS 0x00000006c8000000, 0x00000006c7c00000| Untracked 
| 288|0x00000006c8000000, 0x00000006c8400000, 0x00000006c8400000|100%| O|  |TAMS 0x00000006c8400000, 0x00000006c8000000| Untracked 
| 289|0x00000006c8400000, 0x00000006c8800000, 0x00000006c8800000|100%| O|  |TAMS 0x00000006c8800000, 0x00000006c8400000| Untracked 
| 290|0x00000006c8800000, 0x00000006c8c00000, 0x00000006c8c00000|100%| O|  |TAMS 0x00000006c8c00000, 0x00000006c8800000| Untracked 
| 291|0x00000006c8c00000, 0x00000006c9000000, 0x00000006c9000000|100%| O|  |TAMS 0x00000006c9000000, 0x00000006c8c00000| Untracked 
| 292|0x00000006c9000000, 0x00000006c9400000, 0x00000006c9400000|100%| O|  |TAMS 0x00000006c9400000, 0x00000006c9000000| Untracked 
| 293|0x00000006c9400000, 0x00000006c9800000, 0x00000006c9800000|100%| O|  |TAMS 0x00000006c9800000, 0x00000006c9400000| Untracked 
| 294|0x00000006c9800000, 0x00000006c9c00000, 0x00000006c9c00000|100%| O|  |TAMS 0x00000006c9c00000, 0x00000006c9800000| Untracked 
| 295|0x00000006c9c00000, 0x00000006ca000000, 0x00000006ca000000|100%| O|  |TAMS 0x00000006ca000000, 0x00000006c9c00000| Untracked 
| 296|0x00000006ca000000, 0x00000006ca400000, 0x00000006ca400000|100%| O|  |TAMS 0x00000006ca400000, 0x00000006ca000000| Untracked 
| 297|0x00000006ca400000, 0x00000006ca800000, 0x00000006ca800000|100%| O|  |TAMS 0x00000006ca800000, 0x00000006ca400000| Untracked 
| 298|0x00000006ca800000, 0x00000006cac00000, 0x00000006cac00000|100%| O|  |TAMS 0x00000006cac00000, 0x00000006ca800000| Untracked 
| 299|0x00000006cac00000, 0x00000006cb000000, 0x00000006cb000000|100%| O|  |TAMS 0x00000006cb000000, 0x00000006cac00000| Untracked 
| 300|0x00000006cb000000, 0x00000006cb400000, 0x00000006cb400000|100%| O|  |TAMS 0x00000006cb400000, 0x00000006cb000000| Untracked 
| 301|0x00000006cb400000, 0x00000006cb800000, 0x00000006cb800000|100%| O|  |TAMS 0x00000006cb800000, 0x00000006cb400000| Untracked 
| 302|0x00000006cb800000, 0x00000006cbc00000, 0x00000006cbc00000|100%| O|  |TAMS 0x00000006cbc00000, 0x00000006cb800000| Untracked 
| 303|0x00000006cbc00000, 0x00000006cc000000, 0x00000006cc000000|100%| O|  |TAMS 0x00000006cc000000, 0x00000006cbc00000| Untracked 
| 304|0x00000006cc000000, 0x00000006cc400000, 0x00000006cc400000|100%| O|  |TAMS 0x00000006cc400000, 0x00000006cc000000| Untracked 
| 305|0x00000006cc400000, 0x00000006cc800000, 0x00000006cc800000|100%| O|  |TAMS 0x00000006cc800000, 0x00000006cc400000| Untracked 
| 306|0x00000006cc800000, 0x00000006ccc00000, 0x00000006ccc00000|100%| O|  |TAMS 0x00000006ccc00000, 0x00000006cc800000| Untracked 
| 307|0x00000006ccc00000, 0x00000006cd000000, 0x00000006cd000000|100%| O|  |TAMS 0x00000006cd000000, 0x00000006ccc00000| Untracked 
| 308|0x00000006cd000000, 0x00000006cd400000, 0x00000006cd400000|100%| O|  |TAMS 0x00000006cd400000, 0x00000006cd000000| Untracked 
| 309|0x00000006cd400000, 0x00000006cd800000, 0x00000006cd800000|100%| O|  |TAMS 0x00000006cd800000, 0x00000006cd400000| Untracked 
| 310|0x00000006cd800000, 0x00000006cdc00000, 0x00000006cdc00000|100%| O|  |TAMS 0x00000006cdc00000, 0x00000006cd800000| Untracked 
| 311|0x00000006cdc00000, 0x00000006ce000000, 0x00000006ce000000|100%| O|  |TAMS 0x00000006ce000000, 0x00000006cdc00000| Untracked 
| 312|0x00000006ce000000, 0x00000006ce400000, 0x00000006ce400000|100%| O|  |TAMS 0x00000006ce400000, 0x00000006ce000000| Untracked 
| 313|0x00000006ce400000, 0x00000006ce800000, 0x00000006ce800000|100%| O|  |TAMS 0x00000006ce800000, 0x00000006ce400000| Untracked 
| 314|0x00000006ce800000, 0x00000006cec00000, 0x00000006cec00000|100%| O|  |TAMS 0x00000006cec00000, 0x00000006ce800000| Untracked 
| 315|0x00000006cec00000, 0x00000006cf000000, 0x00000006cf000000|100%| O|  |TAMS 0x00000006cf000000, 0x00000006cec00000| Untracked 
| 316|0x00000006cf000000, 0x00000006cf400000, 0x00000006cf400000|100%| O|  |TAMS 0x00000006cf400000, 0x00000006cf000000| Untracked 
| 317|0x00000006cf400000, 0x00000006cf800000, 0x00000006cf800000|100%| O|  |TAMS 0x00000006cf800000, 0x00000006cf400000| Untracked 
| 318|0x00000006cf800000, 0x00000006cfc00000, 0x00000006cfc00000|100%| O|  |TAMS 0x00000006cfc00000, 0x00000006cf800000| Untracked 
| 319|0x00000006cfc00000, 0x00000006d0000000, 0x00000006d0000000|100%| O|  |TAMS 0x00000006d0000000, 0x00000006cfc00000| Untracked 
| 320|0x00000006d0000000, 0x00000006d0400000, 0x00000006d0400000|100%| O|  |TAMS 0x00000006d0400000, 0x00000006d0000000| Untracked 
| 321|0x00000006d0400000, 0x00000006d0800000, 0x00000006d0800000|100%| O|  |TAMS 0x00000006d0800000, 0x00000006d0400000| Untracked 
| 322|0x00000006d0800000, 0x00000006d0c00000, 0x00000006d0c00000|100%| O|  |TAMS 0x00000006d0c00000, 0x00000006d0800000| Untracked 
| 323|0x00000006d0c00000, 0x00000006d1000000, 0x00000006d1000000|100%| O|  |TAMS 0x00000006d1000000, 0x00000006d0c00000| Untracked 
| 324|0x00000006d1000000, 0x00000006d1400000, 0x00000006d1400000|100%| O|  |TAMS 0x00000006d1400000, 0x00000006d1000000| Untracked 
| 325|0x00000006d1400000, 0x00000006d1800000, 0x00000006d1800000|100%| O|  |TAMS 0x00000006d1800000, 0x00000006d1400000| Untracked 
| 326|0x00000006d1800000, 0x00000006d1c00000, 0x00000006d1c00000|100%| O|  |TAMS 0x00000006d1c00000, 0x00000006d1800000| Untracked 
| 327|0x00000006d1c00000, 0x00000006d2000000, 0x00000006d2000000|100%| O|  |TAMS 0x00000006d2000000, 0x00000006d1c00000| Untracked 
| 328|0x00000006d2000000, 0x00000006d2400000, 0x00000006d2400000|100%| O|  |TAMS 0x00000006d2400000, 0x00000006d2000000| Untracked 
| 329|0x00000006d2400000, 0x00000006d2800000, 0x00000006d2800000|100%| O|  |TAMS 0x00000006d2800000, 0x00000006d2400000| Untracked 
| 330|0x00000006d2800000, 0x00000006d2c00000, 0x00000006d2c00000|100%| O|  |TAMS 0x00000006d2c00000, 0x00000006d2800000| Untracked 
| 331|0x00000006d2c00000, 0x00000006d3000000, 0x00000006d3000000|100%| O|  |TAMS 0x00000006d3000000, 0x00000006d2c00000| Untracked 
| 332|0x00000006d3000000, 0x00000006d3400000, 0x00000006d3400000|100%| O|  |TAMS 0x00000006d3400000, 0x00000006d3000000| Untracked 
| 333|0x00000006d3400000, 0x00000006d3800000, 0x00000006d3800000|100%| O|  |TAMS 0x00000006d3800000, 0x00000006d3400000| Untracked 
| 334|0x00000006d3800000, 0x00000006d3c00000, 0x00000006d3c00000|100%|HS|  |TAMS 0x00000006d3c00000, 0x00000006d3800000| Complete 
| 335|0x00000006d3c00000, 0x00000006d4000000, 0x00000006d4000000|100%|HC|  |TAMS 0x00000006d4000000, 0x00000006d3c00000| Complete 
| 336|0x00000006d4000000, 0x00000006d4400000, 0x00000006d4400000|100%|HC|  |TAMS 0x00000006d4400000, 0x00000006d4000000| Complete 
| 337|0x00000006d4400000, 0x00000006d4800000, 0x00000006d4800000|100%|HC|  |TAMS 0x00000006d4800000, 0x00000006d4400000| Complete 
| 338|0x00000006d4800000, 0x00000006d4c00000, 0x00000006d4c00000|100%| O|  |TAMS 0x00000006d4c00000, 0x00000006d4800000| Untracked 
| 339|0x00000006d4c00000, 0x00000006d5000000, 0x00000006d5000000|100%| O|  |TAMS 0x00000006d5000000, 0x00000006d4c00000| Untracked 
| 340|0x00000006d5000000, 0x00000006d5400000, 0x00000006d5400000|100%|HS|  |TAMS 0x00000006d5400000, 0x00000006d5000000| Complete 
| 341|0x00000006d5400000, 0x00000006d5800000, 0x00000006d5800000|100%|HC|  |TAMS 0x00000006d5800000, 0x00000006d5400000| Complete 
| 342|0x00000006d5800000, 0x00000006d5c00000, 0x00000006d5c00000|100%|HC|  |TAMS 0x00000006d5c00000, 0x00000006d5800000| Complete 
| 343|0x00000006d5c00000, 0x00000006d6000000, 0x00000006d6000000|100%|HC|  |TAMS 0x00000006d6000000, 0x00000006d5c00000| Complete 
| 344|0x00000006d6000000, 0x00000006d6400000, 0x00000006d6400000|100%|HS|  |TAMS 0x00000006d6400000, 0x00000006d6000000| Complete 
| 345|0x00000006d6400000, 0x00000006d6800000, 0x00000006d6800000|100%|HC|  |TAMS 0x00000006d6800000, 0x00000006d6400000| Complete 
| 346|0x00000006d6800000, 0x00000006d6c00000, 0x00000006d6c00000|100%|HC|  |TAMS 0x00000006d6c00000, 0x00000006d6800000| Complete 
| 347|0x00000006d6c00000, 0x00000006d7000000, 0x00000006d7000000|100%|HC|  |TAMS 0x00000006d7000000, 0x00000006d6c00000| Complete 
| 348|0x00000006d7000000, 0x00000006d7400000, 0x00000006d7400000|100%|HS|  |TAMS 0x00000006d7400000, 0x00000006d7000000| Complete 
| 349|0x00000006d7400000, 0x00000006d7800000, 0x00000006d7800000|100%|HC|  |TAMS 0x00000006d7800000, 0x00000006d7400000| Complete 
| 350|0x00000006d7800000, 0x00000006d7c00000, 0x00000006d7c00000|100%|HS|  |TAMS 0x00000006d7c00000, 0x00000006d7800000| Complete 
| 351|0x00000006d7c00000, 0x00000006d8000000, 0x00000006d8000000|100%|HC|  |TAMS 0x00000006d8000000, 0x00000006d7c00000| Complete 
| 352|0x00000006d8000000, 0x00000006d8400000, 0x00000006d8400000|100%|HC|  |TAMS 0x00000006d8400000, 0x00000006d8000000| Complete 
| 353|0x00000006d8400000, 0x00000006d8800000, 0x00000006d8800000|100%|HC|  |TAMS 0x00000006d8800000, 0x00000006d8400000| Complete 
| 354|0x00000006d8800000, 0x00000006d8c00000, 0x00000006d8c00000|100%|HS|  |TAMS 0x00000006d8c00000, 0x00000006d8800000| Complete 
| 355|0x00000006d8c00000, 0x00000006d9000000, 0x00000006d9000000|100%|HC|  |TAMS 0x00000006d9000000, 0x00000006d8c00000| Complete 
| 356|0x00000006d9000000, 0x00000006d9400000, 0x00000006d9400000|100%|HC|  |TAMS 0x00000006d9400000, 0x00000006d9000000| Complete 
| 357|0x00000006d9400000, 0x00000006d9800000, 0x00000006d9800000|100%|HS|  |TAMS 0x00000006d9800000, 0x00000006d9400000| Complete 
| 358|0x00000006d9800000, 0x00000006d9c00000, 0x00000006d9c00000|100%|HC|  |TAMS 0x00000006d9c00000, 0x00000006d9800000| Complete 
| 359|0x00000006d9c00000, 0x00000006da000000, 0x00000006da000000|100%|HC|  |TAMS 0x00000006da000000, 0x00000006d9c00000| Complete 
| 360|0x00000006da000000, 0x00000006da400000, 0x00000006da400000|100%|HC|  |TAMS 0x00000006da400000, 0x00000006da000000| Complete 
| 361|0x00000006da400000, 0x00000006da800000, 0x00000006da800000|100%|HS|  |TAMS 0x00000006da800000, 0x00000006da400000| Complete 
| 362|0x00000006da800000, 0x00000006dac00000, 0x00000006dac00000|100%|HC|  |TAMS 0x00000006dac00000, 0x00000006da800000| Complete 
| 363|0x00000006dac00000, 0x00000006db000000, 0x00000006db000000|100%|HC|  |TAMS 0x00000006db000000, 0x00000006dac00000| Complete 
| 364|0x00000006db000000, 0x00000006db400000, 0x00000006db400000|100%|HC|  |TAMS 0x00000006db400000, 0x00000006db000000| Complete 
| 365|0x00000006db400000, 0x00000006db800000, 0x00000006db800000|100%|HC|  |TAMS 0x00000006db800000, 0x00000006db400000| Complete 
| 366|0x00000006db800000, 0x00000006dbc00000, 0x00000006dbc00000|100%|HS|  |TAMS 0x00000006dbc00000, 0x00000006db800000| Complete 
| 367|0x00000006dbc00000, 0x00000006dc000000, 0x00000006dc000000|100%|HC|  |TAMS 0x00000006dc000000, 0x00000006dbc00000| Complete 
| 368|0x00000006dc000000, 0x00000006dc400000, 0x00000006dc400000|100%|HC|  |TAMS 0x00000006dc400000, 0x00000006dc000000| Complete 
| 369|0x00000006dc400000, 0x00000006dc800000, 0x00000006dc800000|100%|HC|  |TAMS 0x00000006dc800000, 0x00000006dc400000| Complete 
| 370|0x00000006dc800000, 0x00000006dcc00000, 0x00000006dcc00000|100%|HS|  |TAMS 0x00000006dcc00000, 0x00000006dc800000| Complete 
| 371|0x00000006dcc00000, 0x00000006dd000000, 0x00000006dd000000|100%|HC|  |TAMS 0x00000006dd000000, 0x00000006dcc00000| Complete 
| 372|0x00000006dd000000, 0x00000006dd400000, 0x00000006dd400000|100%|HC|  |TAMS 0x00000006dd400000, 0x00000006dd000000| Complete 
| 373|0x00000006dd400000, 0x00000006dd800000, 0x00000006dd800000|100%|HC|  |TAMS 0x00000006dd800000, 0x00000006dd400000| Complete 
| 374|0x00000006dd800000, 0x00000006ddc00000, 0x00000006ddc00000|100%|HS|  |TAMS 0x00000006ddc00000, 0x00000006dd800000| Complete 
| 375|0x00000006ddc00000, 0x00000006de000000, 0x00000006de000000|100%|HC|  |TAMS 0x00000006de000000, 0x00000006ddc00000| Complete 
| 376|0x00000006de000000, 0x00000006de400000, 0x00000006de400000|100%|HC|  |TAMS 0x00000006de400000, 0x00000006de000000| Complete 
| 377|0x00000006de400000, 0x00000006de800000, 0x00000006de800000|100%|HC|  |TAMS 0x00000006de800000, 0x00000006de400000| Complete 
| 378|0x00000006de800000, 0x00000006dec00000, 0x00000006dec00000|100%|HC|  |TAMS 0x00000006dec00000, 0x00000006de800000| Complete 
| 379|0x00000006dec00000, 0x00000006df000000, 0x00000006df000000|100%|HC|  |TAMS 0x00000006df000000, 0x00000006dec00000| Complete 
| 380|0x00000006df000000, 0x00000006df400000, 0x00000006df400000|100%|HC|  |TAMS 0x00000006df400000, 0x00000006df000000| Complete 
| 381|0x00000006df400000, 0x00000006df800000, 0x00000006df800000|100%|HC|  |TAMS 0x00000006df800000, 0x00000006df400000| Complete 
| 382|0x00000006df800000, 0x00000006dfc00000, 0x00000006dfc00000|100%|HC|  |TAMS 0x00000006dfc00000, 0x00000006df800000| Complete 
| 383|0x00000006dfc00000, 0x00000006e0000000, 0x00000006e0000000|100%|HS|  |TAMS 0x00000006e0000000, 0x00000006dfc00000| Complete 
| 384|0x00000006e0000000, 0x00000006e0400000, 0x00000006e0400000|100%|HC|  |TAMS 0x00000006e0400000, 0x00000006e0000000| Complete 
| 385|0x00000006e0400000, 0x00000006e0800000, 0x00000006e0800000|100%|HC|  |TAMS 0x00000006e0800000, 0x00000006e0400000| Complete 
| 386|0x00000006e0800000, 0x00000006e0c00000, 0x00000006e0c00000|100%|HC|  |TAMS 0x00000006e0c00000, 0x00000006e0800000| Complete 
| 387|0x00000006e0c00000, 0x00000006e1000000, 0x00000006e1000000|100%|HS|  |TAMS 0x00000006e1000000, 0x00000006e0c00000| Complete 
| 388|0x00000006e1000000, 0x00000006e1400000, 0x00000006e1400000|100%|HC|  |TAMS 0x00000006e1400000, 0x00000006e1000000| Complete 
| 389|0x00000006e1400000, 0x00000006e1800000, 0x00000006e1800000|100%|HC|  |TAMS 0x00000006e1800000, 0x00000006e1400000| Complete 
| 390|0x00000006e1800000, 0x00000006e1c00000, 0x00000006e1c00000|100%|HC|  |TAMS 0x00000006e1c00000, 0x00000006e1800000| Complete 
| 391|0x00000006e1c00000, 0x00000006e2000000, 0x00000006e2000000|100%|HS|  |TAMS 0x00000006e2000000, 0x00000006e1c00000| Complete 
| 392|0x00000006e2000000, 0x00000006e2400000, 0x00000006e2400000|100%|HC|  |TAMS 0x00000006e2400000, 0x00000006e2000000| Complete 
| 393|0x00000006e2400000, 0x00000006e2800000, 0x00000006e2800000|100%|HC|  |TAMS 0x00000006e2800000, 0x00000006e2400000| Complete 
| 394|0x00000006e2800000, 0x00000006e2c00000, 0x00000006e2c00000|100%|HC|  |TAMS 0x00000006e2c00000, 0x00000006e2800000| Complete 
| 395|0x00000006e2c00000, 0x00000006e3000000, 0x00000006e3000000|100%|HS|  |TAMS 0x00000006e3000000, 0x00000006e2c00000| Complete 
| 396|0x00000006e3000000, 0x00000006e3400000, 0x00000006e3400000|100%|HC|  |TAMS 0x00000006e3400000, 0x00000006e3000000| Complete 
| 397|0x00000006e3400000, 0x00000006e3800000, 0x00000006e3800000|100%|HC|  |TAMS 0x00000006e3800000, 0x00000006e3400000| Complete 
| 398|0x00000006e3800000, 0x00000006e3c00000, 0x00000006e3c00000|100%|HC|  |TAMS 0x00000006e3c00000, 0x00000006e3800000| Complete 
| 399|0x00000006e3c00000, 0x00000006e4000000, 0x00000006e4000000|100%|HS|  |TAMS 0x00000006e4000000, 0x00000006e3c00000| Complete 
| 400|0x00000006e4000000, 0x00000006e4400000, 0x00000006e4400000|100%|HC|  |TAMS 0x00000006e4400000, 0x00000006e4000000| Complete 
| 401|0x00000006e4400000, 0x00000006e4800000, 0x00000006e4800000|100%|HC|  |TAMS 0x00000006e4800000, 0x00000006e4400000| Complete 
| 402|0x00000006e4800000, 0x00000006e4c00000, 0x00000006e4c00000|100%|HC|  |TAMS 0x00000006e4c00000, 0x00000006e4800000| Complete 
| 403|0x00000006e4c00000, 0x00000006e5000000, 0x00000006e5000000|100%|HS|  |TAMS 0x00000006e5000000, 0x00000006e4c00000| Complete 
| 404|0x00000006e5000000, 0x00000006e5400000, 0x00000006e5400000|100%|HC|  |TAMS 0x00000006e5400000, 0x00000006e5000000| Complete 
| 405|0x00000006e5400000, 0x00000006e5800000, 0x00000006e5800000|100%|HC|  |TAMS 0x00000006e5800000, 0x00000006e5400000| Complete 
| 406|0x00000006e5800000, 0x00000006e5c00000, 0x00000006e5c00000|100%|HC|  |TAMS 0x00000006e5c00000, 0x00000006e5800000| Complete 
| 407|0x00000006e5c00000, 0x00000006e6000000, 0x00000006e6000000|100%|HC|  |TAMS 0x00000006e6000000, 0x00000006e5c00000| Complete 
| 408|0x00000006e6000000, 0x00000006e6400000, 0x00000006e6400000|100%|HC|  |TAMS 0x00000006e6400000, 0x00000006e6000000| Complete 
| 409|0x00000006e6400000, 0x00000006e6800000, 0x00000006e6800000|100%|HC|  |TAMS 0x00000006e6800000, 0x00000006e6400000| Complete 
| 410|0x00000006e6800000, 0x00000006e6c00000, 0x00000006e6c00000|100%|HC|  |TAMS 0x00000006e6c00000, 0x00000006e6800000| Complete 
| 411|0x00000006e6c00000, 0x00000006e7000000, 0x00000006e7000000|100%|HC|  |TAMS 0x00000006e7000000, 0x00000006e6c00000| Complete 
| 412|0x00000006e7000000, 0x00000006e7400000, 0x00000006e7400000|100%|HC|  |TAMS 0x00000006e7400000, 0x00000006e7000000| Complete 
| 413|0x00000006e7400000, 0x00000006e7800000, 0x00000006e7800000|100%|HC|  |TAMS 0x00000006e7800000, 0x00000006e7400000| Complete 
| 414|0x00000006e7800000, 0x00000006e7c00000, 0x00000006e7c00000|100%|HC|  |TAMS 0x00000006e7c00000, 0x00000006e7800000| Complete 
| 415|0x00000006e7c00000, 0x00000006e8000000, 0x00000006e8000000|100%|HC|  |TAMS 0x00000006e8000000, 0x00000006e7c00000| Complete 
| 416|0x00000006e8000000, 0x00000006e8400000, 0x00000006e8400000|100%|HC|  |TAMS 0x00000006e8400000, 0x00000006e8000000| Complete 
| 417|0x00000006e8400000, 0x00000006e8800000, 0x00000006e8800000|100%|HC|  |TAMS 0x00000006e8800000, 0x00000006e8400000| Complete 
| 418|0x00000006e8800000, 0x00000006e8c00000, 0x00000006e8c00000|100%|HC|  |TAMS 0x00000006e8c00000, 0x00000006e8800000| Complete 
| 419|0x00000006e8c00000, 0x00000006e9000000, 0x00000006e9000000|100%|HC|  |TAMS 0x00000006e9000000, 0x00000006e8c00000| Complete 
| 420|0x00000006e9000000, 0x00000006e9400000, 0x00000006e9400000|100%|HS|  |TAMS 0x00000006e9400000, 0x00000006e9000000| Complete 
| 421|0x00000006e9400000, 0x00000006e9800000, 0x00000006e9800000|100%|HC|  |TAMS 0x00000006e9800000, 0x00000006e9400000| Complete 
| 422|0x00000006e9800000, 0x00000006e9c00000, 0x00000006e9c00000|100%|HC|  |TAMS 0x00000006e9c00000, 0x00000006e9800000| Complete 
| 423|0x00000006e9c00000, 0x00000006ea000000, 0x00000006ea000000|100%|HC|  |TAMS 0x00000006ea000000, 0x00000006e9c00000| Complete 
| 424|0x00000006ea000000, 0x00000006ea400000, 0x00000006ea400000|100%|HS|  |TAMS 0x00000006ea400000, 0x00000006ea000000| Complete 
| 425|0x00000006ea400000, 0x00000006ea800000, 0x00000006ea800000|100%|HC|  |TAMS 0x00000006ea800000, 0x00000006ea400000| Complete 
| 426|0x00000006ea800000, 0x00000006eac00000, 0x00000006eac00000|100%|HC|  |TAMS 0x00000006eac00000, 0x00000006ea800000| Complete 
| 427|0x00000006eac00000, 0x00000006eb000000, 0x00000006eb000000|100%|HC|  |TAMS 0x00000006eb000000, 0x00000006eac00000| Complete 
| 428|0x00000006eb000000, 0x00000006eb400000, 0x00000006eb400000|100%|HS|  |TAMS 0x00000006eb400000, 0x00000006eb000000| Complete 
| 429|0x00000006eb400000, 0x00000006eb800000, 0x00000006eb800000|100%|HC|  |TAMS 0x00000006eb800000, 0x00000006eb400000| Complete 
| 430|0x00000006eb800000, 0x00000006ebc00000, 0x00000006ebc00000|100%|HC|  |TAMS 0x00000006ebc00000, 0x00000006eb800000| Complete 
| 431|0x00000006ebc00000, 0x00000006ec000000, 0x00000006ec000000|100%|HC|  |TAMS 0x00000006ec000000, 0x00000006ebc00000| Complete 
| 432|0x00000006ec000000, 0x00000006ec400000, 0x00000006ec400000|100%|HS|  |TAMS 0x00000006ec400000, 0x00000006ec000000| Complete 
| 433|0x00000006ec400000, 0x00000006ec800000, 0x00000006ec800000|100%|HC|  |TAMS 0x00000006ec800000, 0x00000006ec400000| Complete 
| 434|0x00000006ec800000, 0x00000006ecc00000, 0x00000006ecc00000|100%|HC|  |TAMS 0x00000006ecc00000, 0x00000006ec800000| Complete 
| 435|0x00000006ecc00000, 0x00000006ed000000, 0x00000006ed000000|100%|HC|  |TAMS 0x00000006ed000000, 0x00000006ecc00000| Complete 
| 436|0x00000006ed000000, 0x00000006ed400000, 0x00000006ed400000|100%|HS|  |TAMS 0x00000006ed400000, 0x00000006ed000000| Complete 
| 437|0x00000006ed400000, 0x00000006ed800000, 0x00000006ed800000|100%|HC|  |TAMS 0x00000006ed800000, 0x00000006ed400000| Complete 
| 438|0x00000006ed800000, 0x00000006edc00000, 0x00000006edc00000|100%|HC|  |TAMS 0x00000006edc00000, 0x00000006ed800000| Complete 
| 439|0x00000006edc00000, 0x00000006ee000000, 0x00000006ee000000|100%|HC|  |TAMS 0x00000006ee000000, 0x00000006edc00000| Complete 
| 440|0x00000006ee000000, 0x00000006ee400000, 0x00000006ee400000|100%|HS|  |TAMS 0x00000006ee400000, 0x00000006ee000000| Complete 
| 441|0x00000006ee400000, 0x00000006ee800000, 0x00000006ee800000|100%|HC|  |TAMS 0x00000006ee800000, 0x00000006ee400000| Complete 
| 442|0x00000006ee800000, 0x00000006eec00000, 0x00000006eec00000|100%|HC|  |TAMS 0x00000006eec00000, 0x00000006ee800000| Complete 
| 443|0x00000006eec00000, 0x00000006ef000000, 0x00000006ef000000|100%|HC|  |TAMS 0x00000006ef000000, 0x00000006eec00000| Complete 
| 444|0x00000006ef000000, 0x00000006ef400000, 0x00000006ef400000|100%|HS|  |TAMS 0x00000006ef400000, 0x00000006ef000000| Complete 
| 445|0x00000006ef400000, 0x00000006ef800000, 0x00000006ef800000|100%|HC|  |TAMS 0x00000006ef800000, 0x00000006ef400000| Complete 
| 446|0x00000006ef800000, 0x00000006efc00000, 0x00000006efc00000|100%|HC|  |TAMS 0x00000006efc00000, 0x00000006ef800000| Complete 
| 447|0x00000006efc00000, 0x00000006f0000000, 0x00000006f0000000|100%|HC|  |TAMS 0x00000006f0000000, 0x00000006efc00000| Complete 
| 448|0x00000006f0000000, 0x00000006f0400000, 0x00000006f0400000|100%|HS|  |TAMS 0x00000006f0400000, 0x00000006f0000000| Complete 
| 449|0x00000006f0400000, 0x00000006f0800000, 0x00000006f0800000|100%|HC|  |TAMS 0x00000006f0800000, 0x00000006f0400000| Complete 
| 450|0x00000006f0800000, 0x00000006f0c00000, 0x00000006f0c00000|100%|HC|  |TAMS 0x00000006f0c00000, 0x00000006f0800000| Complete 
| 451|0x00000006f0c00000, 0x00000006f1000000, 0x00000006f1000000|100%|HC|  |TAMS 0x00000006f1000000, 0x00000006f0c00000| Complete 
| 452|0x00000006f1000000, 0x00000006f1400000, 0x00000006f1400000|100%|HS|  |TAMS 0x00000006f1400000, 0x00000006f1000000| Complete 
| 453|0x00000006f1400000, 0x00000006f1800000, 0x00000006f1800000|100%|HC|  |TAMS 0x00000006f1800000, 0x00000006f1400000| Complete 
| 454|0x00000006f1800000, 0x00000006f1c00000, 0x00000006f1c00000|100%|HC|  |TAMS 0x00000006f1c00000, 0x00000006f1800000| Complete 
| 455|0x00000006f1c00000, 0x00000006f2000000, 0x00000006f2000000|100%|HC|  |TAMS 0x00000006f2000000, 0x00000006f1c00000| Complete 
| 456|0x00000006f2000000, 0x00000006f2400000, 0x00000006f2400000|100%|HS|  |TAMS 0x00000006f2400000, 0x00000006f2000000| Complete 
| 457|0x00000006f2400000, 0x00000006f2800000, 0x00000006f2800000|100%|HC|  |TAMS 0x00000006f2800000, 0x00000006f2400000| Complete 
| 458|0x00000006f2800000, 0x00000006f2c00000, 0x00000006f2c00000|100%|HC|  |TAMS 0x00000006f2c00000, 0x00000006f2800000| Complete 
| 459|0x00000006f2c00000, 0x00000006f3000000, 0x00000006f3000000|100%|HC|  |TAMS 0x00000006f3000000, 0x00000006f2c00000| Complete 
| 460|0x00000006f3000000, 0x00000006f3400000, 0x00000006f3400000|100%|HS|  |TAMS 0x00000006f3400000, 0x00000006f3000000| Complete 
| 461|0x00000006f3400000, 0x00000006f3800000, 0x00000006f3800000|100%|HC|  |TAMS 0x00000006f3800000, 0x00000006f3400000| Complete 
| 462|0x00000006f3800000, 0x00000006f3c00000, 0x00000006f3c00000|100%|HC|  |TAMS 0x00000006f3c00000, 0x00000006f3800000| Complete 
| 463|0x00000006f3c00000, 0x00000006f4000000, 0x00000006f4000000|100%|HC|  |TAMS 0x00000006f4000000, 0x00000006f3c00000| Complete 
| 464|0x00000006f4000000, 0x00000006f4400000, 0x00000006f4400000|100%|HS|  |TAMS 0x00000006f4400000, 0x00000006f4000000| Complete 
| 465|0x00000006f4400000, 0x00000006f4800000, 0x00000006f4800000|100%|HC|  |TAMS 0x00000006f4800000, 0x00000006f4400000| Complete 
| 466|0x00000006f4800000, 0x00000006f4c00000, 0x00000006f4c00000|100%|HC|  |TAMS 0x00000006f4c00000, 0x00000006f4800000| Complete 
| 467|0x00000006f4c00000, 0x00000006f5000000, 0x00000006f5000000|100%|HC|  |TAMS 0x00000006f5000000, 0x00000006f4c00000| Complete 
| 468|0x00000006f5000000, 0x00000006f5400000, 0x00000006f5400000|100%|HS|  |TAMS 0x00000006f5400000, 0x00000006f5000000| Complete 
| 469|0x00000006f5400000, 0x00000006f5800000, 0x00000006f5800000|100%|HC|  |TAMS 0x00000006f5800000, 0x00000006f5400000| Complete 
| 470|0x00000006f5800000, 0x00000006f5c00000, 0x00000006f5c00000|100%|HC|  |TAMS 0x00000006f5c00000, 0x00000006f5800000| Complete 
| 471|0x00000006f5c00000, 0x00000006f6000000, 0x00000006f6000000|100%|HC|  |TAMS 0x00000006f6000000, 0x00000006f5c00000| Complete 
| 472|0x00000006f6000000, 0x00000006f6400000, 0x00000006f6400000|100%|HS|  |TAMS 0x00000006f6400000, 0x00000006f6000000| Complete 
| 473|0x00000006f6400000, 0x00000006f6800000, 0x00000006f6800000|100%|HC|  |TAMS 0x00000006f6800000, 0x00000006f6400000| Complete 
| 474|0x00000006f6800000, 0x00000006f6c00000, 0x00000006f6c00000|100%|HC|  |TAMS 0x00000006f6c00000, 0x00000006f6800000| Complete 
| 475|0x00000006f6c00000, 0x00000006f7000000, 0x00000006f7000000|100%|HC|  |TAMS 0x00000006f7000000, 0x00000006f6c00000| Complete 
| 476|0x00000006f7000000, 0x00000006f7400000, 0x00000006f7400000|100%| O|  |TAMS 0x00000006f7400000, 0x00000006f7000000| Untracked 
| 477|0x00000006f7400000, 0x00000006f7800000, 0x00000006f7800000|100%| O|  |TAMS 0x00000006f7800000, 0x00000006f7400000| Untracked 
| 478|0x00000006f7800000, 0x00000006f7800000, 0x00000006f7c00000|  0%| F|  |TAMS 0x00000006f7800000, 0x00000006f7800000| Untracked 
| 479|0x00000006f7c00000, 0x00000006f8000000, 0x00000006f8000000|100%|HS|  |TAMS 0x00000006f8000000, 0x00000006f7c00000| Complete 
| 480|0x00000006f8000000, 0x00000006f8400000, 0x00000006f8400000|100%|HC|  |TAMS 0x00000006f8400000, 0x00000006f8000000| Complete 
| 481|0x00000006f8400000, 0x00000006f8800000, 0x00000006f8800000|100%|HC|  |TAMS 0x00000006f8800000, 0x00000006f8400000| Complete 
| 482|0x00000006f8800000, 0x00000006f8c00000, 0x00000006f8c00000|100%|HC|  |TAMS 0x00000006f8c00000, 0x00000006f8800000| Complete 
| 483|0x00000006f8c00000, 0x00000006f9000000, 0x00000006f9000000|100%|HS|  |TAMS 0x00000006f9000000, 0x00000006f8c00000| Complete 
| 484|0x00000006f9000000, 0x00000006f9400000, 0x00000006f9400000|100%|HC|  |TAMS 0x00000006f9400000, 0x00000006f9000000| Complete 
| 485|0x00000006f9400000, 0x00000006f9800000, 0x00000006f9800000|100%|HC|  |TAMS 0x00000006f9800000, 0x00000006f9400000| Complete 
| 486|0x00000006f9800000, 0x00000006f9c00000, 0x00000006f9c00000|100%|HC|  |TAMS 0x00000006f9c00000, 0x00000006f9800000| Complete 
| 487|0x00000006f9c00000, 0x00000006fa000000, 0x00000006fa000000|100%|HS|  |TAMS 0x00000006fa000000, 0x00000006f9c00000| Complete 
| 488|0x00000006fa000000, 0x00000006fa400000, 0x00000006fa400000|100%|HC|  |TAMS 0x00000006fa400000, 0x00000006fa000000| Complete 
| 489|0x00000006fa400000, 0x00000006fa800000, 0x00000006fa800000|100%|HC|  |TAMS 0x00000006fa800000, 0x00000006fa400000| Complete 
| 490|0x00000006fa800000, 0x00000006fac00000, 0x00000006fac00000|100%|HC|  |TAMS 0x00000006fac00000, 0x00000006fa800000| Complete 
| 491|0x00000006fac00000, 0x00000006fb000000, 0x00000006fb000000|100%|HS|  |TAMS 0x00000006fb000000, 0x00000006fac00000| Complete 
| 492|0x00000006fb000000, 0x00000006fb400000, 0x00000006fb400000|100%|HC|  |TAMS 0x00000006fb400000, 0x00000006fb000000| Complete 
| 493|0x00000006fb400000, 0x00000006fb800000, 0x00000006fb800000|100%|HC|  |TAMS 0x00000006fb800000, 0x00000006fb400000| Complete 
| 494|0x00000006fb800000, 0x00000006fbc00000, 0x00000006fbc00000|100%|HC|  |TAMS 0x00000006fbc00000, 0x00000006fb800000| Complete 
| 495|0x00000006fbc00000, 0x00000006fc000000, 0x00000006fc000000|100%|HC|  |TAMS 0x00000006fc000000, 0x00000006fbc00000| Complete 
| 496|0x00000006fc000000, 0x00000006fc400000, 0x00000006fc400000|100%|HC|  |TAMS 0x00000006fc400000, 0x00000006fc000000| Complete 
| 497|0x00000006fc400000, 0x00000006fc800000, 0x00000006fc800000|100%|HC|  |TAMS 0x00000006fc800000, 0x00000006fc400000| Complete 
| 498|0x00000006fc800000, 0x00000006fcc00000, 0x00000006fcc00000|100%|HC|  |TAMS 0x00000006fcc00000, 0x00000006fc800000| Complete 
| 499|0x00000006fcc00000, 0x00000006fd000000, 0x00000006fd000000|100%|HC|  |TAMS 0x00000006fd000000, 0x00000006fcc00000| Complete 
| 500|0x00000006fd000000, 0x00000006fd400000, 0x00000006fd400000|100%|HC|  |TAMS 0x00000006fd400000, 0x00000006fd000000| Complete 
| 501|0x00000006fd400000, 0x00000006fd800000, 0x00000006fd800000|100%|HC|  |TAMS 0x00000006fd800000, 0x00000006fd400000| Complete 
| 502|0x00000006fd800000, 0x00000006fdc00000, 0x00000006fdc00000|100%|HC|  |TAMS 0x00000006fdc00000, 0x00000006fd800000| Complete 
| 503|0x00000006fdc00000, 0x00000006fe000000, 0x00000006fe000000|100%|HC|  |TAMS 0x00000006fe000000, 0x00000006fdc00000| Complete 
| 504|0x00000006fe000000, 0x00000006fe400000, 0x00000006fe400000|100%|HC|  |TAMS 0x00000006fe400000, 0x00000006fe000000| Complete 
| 505|0x00000006fe400000, 0x00000006fe800000, 0x00000006fe800000|100%|HC|  |TAMS 0x00000006fe800000, 0x00000006fe400000| Complete 
| 506|0x00000006fe800000, 0x00000006fec00000, 0x00000006fec00000|100%|HC|  |TAMS 0x00000006fec00000, 0x00000006fe800000| Complete 
| 507|0x00000006fec00000, 0x00000006ff000000, 0x00000006ff000000|100%|HC|  |TAMS 0x00000006ff000000, 0x00000006fec00000| Complete 
| 508|0x00000006ff000000, 0x00000006ff400000, 0x00000006ff400000|100%|HC|  |TAMS 0x00000006ff400000, 0x00000006ff000000| Complete 
| 509|0x00000006ff400000, 0x00000006ff800000, 0x00000006ff800000|100%|HC|  |TAMS 0x00000006ff800000, 0x00000006ff400000| Complete 
| 510|0x00000006ff800000, 0x00000006ffc00000, 0x00000006ffc00000|100%|HC|  |TAMS 0x00000006ffc00000, 0x00000006ff800000| Complete 
| 511|0x00000006ffc00000, 0x0000000700000000, 0x0000000700000000|100%|HC|  |TAMS 0x0000000700000000, 0x00000006ffc00000| Complete 
| 512|0x0000000700000000, 0x0000000700400000, 0x0000000700400000|100%|HC|  |TAMS 0x0000000700400000, 0x0000000700000000| Complete 
| 513|0x0000000700400000, 0x0000000700800000, 0x0000000700800000|100%|HC|  |TAMS 0x0000000700800000, 0x0000000700400000| Complete 
| 514|0x0000000700800000, 0x0000000700c00000, 0x0000000700c00000|100%|HC|  |TAMS 0x0000000700c00000, 0x0000000700800000| Complete 
| 515|0x0000000700c00000, 0x0000000701000000, 0x0000000701000000|100%|HC|  |TAMS 0x0000000701000000, 0x0000000700c00000| Complete 
| 516|0x0000000701000000, 0x0000000701400000, 0x0000000701400000|100%|HC|  |TAMS 0x0000000701400000, 0x0000000701000000| Complete 
| 517|0x0000000701400000, 0x0000000701800000, 0x0000000701800000|100%|HC|  |TAMS 0x0000000701800000, 0x0000000701400000| Complete 
| 518|0x0000000701800000, 0x0000000701c00000, 0x0000000701c00000|100%|HC|  |TAMS 0x0000000701c00000, 0x0000000701800000| Complete 
| 519|0x0000000701c00000, 0x0000000702000000, 0x0000000702000000|100%|HC|  |TAMS 0x0000000702000000, 0x0000000701c00000| Complete 
| 520|0x0000000702000000, 0x0000000702400000, 0x0000000702400000|100%|HC|  |TAMS 0x0000000702400000, 0x0000000702000000| Complete 
| 521|0x0000000702400000, 0x0000000702800000, 0x0000000702800000|100%|HC|  |TAMS 0x0000000702800000, 0x0000000702400000| Complete 
| 522|0x0000000702800000, 0x0000000702c00000, 0x0000000702c00000|100%|HC|  |TAMS 0x0000000702c00000, 0x0000000702800000| Complete 
| 523|0x0000000702c00000, 0x0000000703000000, 0x0000000703000000|100%|HC|  |TAMS 0x0000000703000000, 0x0000000702c00000| Complete 
| 524|0x0000000703000000, 0x0000000703400000, 0x0000000703400000|100%|HS|  |TAMS 0x0000000703400000, 0x0000000703000000| Complete 
| 525|0x0000000703400000, 0x0000000703800000, 0x0000000703800000|100%|HC|  |TAMS 0x0000000703800000, 0x0000000703400000| Complete 
| 526|0x0000000703800000, 0x0000000703c00000, 0x0000000703c00000|100%|HC|  |TAMS 0x0000000703c00000, 0x0000000703800000| Complete 
| 527|0x0000000703c00000, 0x0000000704000000, 0x0000000704000000|100%|HC|  |TAMS 0x0000000704000000, 0x0000000703c00000| Complete 
| 528|0x0000000704000000, 0x0000000704400000, 0x0000000704400000|100%|HS|  |TAMS 0x0000000704400000, 0x0000000704000000| Complete 
| 529|0x0000000704400000, 0x0000000704800000, 0x0000000704800000|100%|HC|  |TAMS 0x0000000704800000, 0x0000000704400000| Complete 
| 530|0x0000000704800000, 0x0000000704c00000, 0x0000000704c00000|100%|HC|  |TAMS 0x0000000704c00000, 0x0000000704800000| Complete 
| 531|0x0000000704c00000, 0x0000000705000000, 0x0000000705000000|100%|HC|  |TAMS 0x0000000705000000, 0x0000000704c00000| Complete 
| 532|0x0000000705000000, 0x0000000705400000, 0x0000000705400000|100%|HS|  |TAMS 0x0000000705400000, 0x0000000705000000| Complete 
| 533|0x0000000705400000, 0x0000000705800000, 0x0000000705800000|100%|HC|  |TAMS 0x0000000705800000, 0x0000000705400000| Complete 
| 534|0x0000000705800000, 0x0000000705c00000, 0x0000000705c00000|100%|HC|  |TAMS 0x0000000705c00000, 0x0000000705800000| Complete 
| 535|0x0000000705c00000, 0x0000000706000000, 0x0000000706000000|100%|HC|  |TAMS 0x0000000706000000, 0x0000000705c00000| Complete 
| 536|0x0000000706000000, 0x0000000706400000, 0x0000000706400000|100%|HS|  |TAMS 0x0000000706400000, 0x0000000706000000| Complete 
| 537|0x0000000706400000, 0x0000000706800000, 0x0000000706800000|100%|HC|  |TAMS 0x0000000706800000, 0x0000000706400000| Complete 
| 538|0x0000000706800000, 0x0000000706c00000, 0x0000000706c00000|100%|HC|  |TAMS 0x0000000706c00000, 0x0000000706800000| Complete 
| 539|0x0000000706c00000, 0x0000000707000000, 0x0000000707000000|100%|HC|  |TAMS 0x0000000707000000, 0x0000000706c00000| Complete 
| 540|0x0000000707000000, 0x0000000707400000, 0x0000000707400000|100%|HS|  |TAMS 0x0000000707400000, 0x0000000707000000| Complete 
| 541|0x0000000707400000, 0x0000000707800000, 0x0000000707800000|100%|HC|  |TAMS 0x0000000707800000, 0x0000000707400000| Complete 
| 542|0x0000000707800000, 0x0000000707c00000, 0x0000000707c00000|100%|HC|  |TAMS 0x0000000707c00000, 0x0000000707800000| Complete 
| 543|0x0000000707c00000, 0x0000000708000000, 0x0000000708000000|100%|HC|  |TAMS 0x0000000708000000, 0x0000000707c00000| Complete 
| 544|0x0000000708000000, 0x0000000708400000, 0x0000000708400000|100%|HS|  |TAMS 0x0000000708400000, 0x0000000708000000| Complete 
| 545|0x0000000708400000, 0x0000000708800000, 0x0000000708800000|100%|HC|  |TAMS 0x0000000708800000, 0x0000000708400000| Complete 
| 546|0x0000000708800000, 0x0000000708c00000, 0x0000000708c00000|100%|HC|  |TAMS 0x0000000708c00000, 0x0000000708800000| Complete 
| 547|0x0000000708c00000, 0x0000000709000000, 0x0000000709000000|100%|HC|  |TAMS 0x0000000709000000, 0x0000000708c00000| Complete 
| 548|0x0000000709000000, 0x0000000709400000, 0x0000000709400000|100%|HS|  |TAMS 0x0000000709400000, 0x0000000709000000| Complete 
| 549|0x0000000709400000, 0x0000000709800000, 0x0000000709800000|100%|HC|  |TAMS 0x0000000709800000, 0x0000000709400000| Complete 
| 550|0x0000000709800000, 0x0000000709c00000, 0x0000000709c00000|100%|HC|  |TAMS 0x0000000709c00000, 0x0000000709800000| Complete 
| 551|0x0000000709c00000, 0x000000070a000000, 0x000000070a000000|100%|HC|  |TAMS 0x000000070a000000, 0x0000000709c00000| Complete 
| 552|0x000000070a000000, 0x000000070a400000, 0x000000070a400000|100%|HS|  |TAMS 0x000000070a000000, 0x000000070a000000| Complete 
| 553|0x000000070a400000, 0x000000070a800000, 0x000000070a800000|100%|HC|  |TAMS 0x000000070a400000, 0x000000070a400000| Complete 
| 554|0x000000070a800000, 0x000000070ac00000, 0x000000070ac00000|100%|HC|  |TAMS 0x000000070a800000, 0x000000070a800000| Complete 
| 555|0x000000070ac00000, 0x000000070b000000, 0x000000070b000000|100%|HC|  |TAMS 0x000000070ac00000, 0x000000070ac00000| Complete 
| 556|0x000000070b000000, 0x000000070b000000, 0x000000070b400000|  0%| F|  |TAMS 0x000000070b000000, 0x000000070b000000| Untracked 
| 557|0x000000070b400000, 0x000000070b400000, 0x000000070b800000|  0%| F|  |TAMS 0x000000070b400000, 0x000000070b400000| Untracked 
| 558|0x000000070b800000, 0x000000070b800000, 0x000000070bc00000|  0%| F|  |TAMS 0x000000070b800000, 0x000000070b800000| Untracked 
| 559|0x000000070bc00000, 0x000000070bc00000, 0x000000070c000000|  0%| F|  |TAMS 0x000000070bc00000, 0x000000070bc00000| Untracked 
| 560|0x000000070c000000, 0x000000070c400000, 0x000000070c400000|100%|HS|  |TAMS 0x000000070c400000, 0x000000070c000000| Complete 
| 561|0x000000070c400000, 0x000000070c800000, 0x000000070c800000|100%|HC|  |TAMS 0x000000070c800000, 0x000000070c400000| Complete 
| 562|0x000000070c800000, 0x000000070cc00000, 0x000000070cc00000|100%|HC|  |TAMS 0x000000070cc00000, 0x000000070c800000| Complete 
| 563|0x000000070cc00000, 0x000000070d000000, 0x000000070d000000|100%|HC|  |TAMS 0x000000070d000000, 0x000000070cc00000| Complete 
| 564|0x000000070d000000, 0x000000070d400000, 0x000000070d400000|100%|HS|  |TAMS 0x000000070d400000, 0x000000070d000000| Complete 
| 565|0x000000070d400000, 0x000000070d800000, 0x000000070d800000|100%|HC|  |TAMS 0x000000070d800000, 0x000000070d400000| Complete 
| 566|0x000000070d800000, 0x000000070dc00000, 0x000000070dc00000|100%|HC|  |TAMS 0x000000070dc00000, 0x000000070d800000| Complete 
| 567|0x000000070dc00000, 0x000000070e000000, 0x000000070e000000|100%|HC|  |TAMS 0x000000070e000000, 0x000000070dc00000| Complete 
| 568|0x000000070e000000, 0x000000070e400000, 0x000000070e400000|100%|HS|  |TAMS 0x000000070e400000, 0x000000070e000000| Complete 
| 569|0x000000070e400000, 0x000000070e800000, 0x000000070e800000|100%|HC|  |TAMS 0x000000070e800000, 0x000000070e400000| Complete 
| 570|0x000000070e800000, 0x000000070ec00000, 0x000000070ec00000|100%|HC|  |TAMS 0x000000070ec00000, 0x000000070e800000| Complete 
| 571|0x000000070ec00000, 0x000000070f000000, 0x000000070f000000|100%|HC|  |TAMS 0x000000070f000000, 0x000000070ec00000| Complete 
| 572|0x000000070f000000, 0x000000070f400000, 0x000000070f400000|100%|HS|  |TAMS 0x000000070f400000, 0x000000070f000000| Complete 
| 573|0x000000070f400000, 0x000000070f800000, 0x000000070f800000|100%|HC|  |TAMS 0x000000070f800000, 0x000000070f400000| Complete 
| 574|0x000000070f800000, 0x000000070fc00000, 0x000000070fc00000|100%|HC|  |TAMS 0x000000070fc00000, 0x000000070f800000| Complete 
| 575|0x000000070fc00000, 0x0000000710000000, 0x0000000710000000|100%|HC|  |TAMS 0x0000000710000000, 0x000000070fc00000| Complete 
| 576|0x0000000710000000, 0x0000000710400000, 0x0000000710400000|100%|HS|  |TAMS 0x0000000710400000, 0x0000000710000000| Complete 
| 577|0x0000000710400000, 0x0000000710800000, 0x0000000710800000|100%|HC|  |TAMS 0x0000000710800000, 0x0000000710400000| Complete 
| 578|0x0000000710800000, 0x0000000710c00000, 0x0000000710c00000|100%|HC|  |TAMS 0x0000000710c00000, 0x0000000710800000| Complete 
| 579|0x0000000710c00000, 0x0000000711000000, 0x0000000711000000|100%|HC|  |TAMS 0x0000000711000000, 0x0000000710c00000| Complete 
| 580|0x0000000711000000, 0x0000000711400000, 0x0000000711400000|100%|HS|  |TAMS 0x0000000711400000, 0x0000000711000000| Complete 
| 581|0x0000000711400000, 0x0000000711800000, 0x0000000711800000|100%|HC|  |TAMS 0x0000000711800000, 0x0000000711400000| Complete 
| 582|0x0000000711800000, 0x0000000711c00000, 0x0000000711c00000|100%|HC|  |TAMS 0x0000000711c00000, 0x0000000711800000| Complete 
| 583|0x0000000711c00000, 0x0000000712000000, 0x0000000712000000|100%|HC|  |TAMS 0x0000000712000000, 0x0000000711c00000| Complete 
| 584|0x0000000712000000, 0x0000000712400000, 0x0000000712400000|100%| O|  |TAMS 0x0000000712400000, 0x0000000712000000| Untracked 
| 585|0x0000000712400000, 0x0000000712800000, 0x0000000712800000|100%| O|  |TAMS 0x0000000712800000, 0x0000000712400000| Untracked 
| 586|0x0000000712800000, 0x0000000712c00000, 0x0000000712c00000|100%| O|  |TAMS 0x0000000712c00000, 0x0000000712800000| Untracked 
| 587|0x0000000712c00000, 0x0000000713000000, 0x0000000713000000|100%| O|  |TAMS 0x0000000713000000, 0x0000000712c00000| Untracked 
| 588|0x0000000713000000, 0x0000000713400000, 0x0000000713400000|100%| O|  |TAMS 0x0000000713400000, 0x0000000713000000| Untracked 
| 589|0x0000000713400000, 0x0000000713800000, 0x0000000713800000|100%| O|  |TAMS 0x0000000713800000, 0x0000000713400000| Untracked 
| 590|0x0000000713800000, 0x0000000713c00000, 0x0000000713c00000|100%| O|  |TAMS 0x0000000713c00000, 0x0000000713800000| Untracked 
| 591|0x0000000713c00000, 0x0000000714000000, 0x0000000714000000|100%| O|  |TAMS 0x0000000714000000, 0x0000000713c00000| Untracked 
| 592|0x0000000714000000, 0x0000000714088e00, 0x0000000714400000| 13%| O|  |TAMS 0x0000000714088e00, 0x0000000714000000| Updating 
| 593|0x0000000714400000, 0x0000000714400000, 0x0000000714800000|  0%| F|  |TAMS 0x0000000714400000, 0x0000000714400000| Untracked 
| 594|0x0000000714800000, 0x0000000714800000, 0x0000000714c00000|  0%| F|  |TAMS 0x0000000714800000, 0x0000000714800000| Untracked 
| 595|0x0000000714c00000, 0x0000000714c00000, 0x0000000715000000|  0%| F|  |TAMS 0x0000000714c00000, 0x0000000714c00000| Untracked 
| 596|0x0000000715000000, 0x0000000715386cd8, 0x0000000715400000| 88%| S|CS|TAMS 0x0000000715000000, 0x0000000715000000| Complete 
| 597|0x0000000715400000, 0x0000000715400000, 0x0000000715800000|  0%| F|  |TAMS 0x0000000715400000, 0x0000000715400000| Untracked 
| 598|0x0000000715800000, 0x0000000715a04a58, 0x0000000715c00000| 50%| E|  |TAMS 0x0000000715800000, 0x0000000715800000| Complete 
| 599|0x0000000715c00000, 0x0000000716000000, 0x0000000716000000|100%|HS|  |TAMS 0x0000000716000000, 0x0000000715c00000| Complete 
| 600|0x0000000716000000, 0x0000000716400000, 0x0000000716400000|100%|HC|  |TAMS 0x0000000716400000, 0x0000000716000000| Complete 
| 601|0x0000000716400000, 0x0000000716800000, 0x0000000716800000|100%|HC|  |TAMS 0x0000000716800000, 0x0000000716400000| Complete 
| 602|0x0000000716800000, 0x0000000716c00000, 0x0000000716c00000|100%|HC|  |TAMS 0x0000000716c00000, 0x0000000716800000| Complete 
| 603|0x0000000716c00000, 0x0000000717000000, 0x0000000717000000|100%|HC|  |TAMS 0x0000000717000000, 0x0000000716c00000| Complete 
| 604|0x0000000717000000, 0x0000000717400000, 0x0000000717400000|100%|HC|  |TAMS 0x0000000717400000, 0x0000000717000000| Complete 
| 605|0x0000000717400000, 0x0000000717800000, 0x0000000717800000|100%|HC|  |TAMS 0x0000000717800000, 0x0000000717400000| Complete 
| 606|0x0000000717800000, 0x0000000717c00000, 0x0000000717c00000|100%|HC|  |TAMS 0x0000000717c00000, 0x0000000717800000| Complete 
| 607|0x0000000717c00000, 0x0000000718000000, 0x0000000718000000|100%|HC|  |TAMS 0x0000000718000000, 0x0000000717c00000| Complete 
| 608|0x0000000718000000, 0x0000000718400000, 0x0000000718400000|100%|HC|  |TAMS 0x0000000718400000, 0x0000000718000000| Complete 
| 609|0x0000000718400000, 0x0000000718800000, 0x0000000718800000|100%|HC|  |TAMS 0x0000000718800000, 0x0000000718400000| Complete 
| 610|0x0000000718800000, 0x0000000718c00000, 0x0000000718c00000|100%|HC|  |TAMS 0x0000000718c00000, 0x0000000718800000| Complete 
| 611|0x0000000718c00000, 0x0000000719000000, 0x0000000719000000|100%|HC|  |TAMS 0x0000000719000000, 0x0000000718c00000| Complete 
| 612|0x0000000719000000, 0x0000000719400000, 0x0000000719400000|100%|HC|  |TAMS 0x0000000719400000, 0x0000000719000000| Complete 
| 613|0x0000000719400000, 0x0000000719800000, 0x0000000719800000|100%|HC|  |TAMS 0x0000000719800000, 0x0000000719400000| Complete 
| 614|0x0000000719800000, 0x0000000719c00000, 0x0000000719c00000|100%|HC|  |TAMS 0x0000000719c00000, 0x0000000719800000| Complete 
| 615|0x0000000719c00000, 0x000000071a000000, 0x000000071a000000|100%|HC|  |TAMS 0x000000071a000000, 0x0000000719c00000| Complete 
| 616|0x000000071a000000, 0x000000071a400000, 0x000000071a400000|100%|HC|  |TAMS 0x000000071a400000, 0x000000071a000000| Complete 
| 617|0x000000071a400000, 0x000000071a800000, 0x000000071a800000|100%|HC|  |TAMS 0x000000071a800000, 0x000000071a400000| Complete 
| 618|0x000000071a800000, 0x000000071ac00000, 0x000000071ac00000|100%|HC|  |TAMS 0x000000071ac00000, 0x000000071a800000| Complete 
| 619|0x000000071ac00000, 0x000000071b000000, 0x000000071b000000|100%|HC|  |TAMS 0x000000071b000000, 0x000000071ac00000| Complete 
| 620|0x000000071b000000, 0x000000071b400000, 0x000000071b400000|100%|HC|  |TAMS 0x000000071b400000, 0x000000071b000000| Complete 
| 621|0x000000071b400000, 0x000000071b800000, 0x000000071b800000|100%|HC|  |TAMS 0x000000071b800000, 0x000000071b400000| Complete 
| 622|0x000000071b800000, 0x000000071bc00000, 0x000000071bc00000|100%|HC|  |TAMS 0x000000071bc00000, 0x000000071b800000| Complete 
| 623|0x000000071bc00000, 0x000000071c000000, 0x000000071c000000|100%|HC|  |TAMS 0x000000071c000000, 0x000000071bc00000| Complete 
| 624|0x000000071c000000, 0x000000071c400000, 0x000000071c400000|100%|HC|  |TAMS 0x000000071c400000, 0x000000071c000000| Complete 
| 625|0x000000071c400000, 0x000000071c800000, 0x000000071c800000|100%|HC|  |TAMS 0x000000071c800000, 0x000000071c400000| Complete 
| 626|0x000000071c800000, 0x000000071cc00000, 0x000000071cc00000|100%|HC|  |TAMS 0x000000071cc00000, 0x000000071c800000| Complete 
| 627|0x000000071cc00000, 0x000000071d000000, 0x000000071d000000|100%|HC|  |TAMS 0x000000071d000000, 0x000000071cc00000| Complete 
| 628|0x000000071d000000, 0x000000071d400000, 0x000000071d400000|100%|HC|  |TAMS 0x000000071d400000, 0x000000071d000000| Complete 
| 629|0x000000071d400000, 0x000000071d800000, 0x000000071d800000|100%|HC|  |TAMS 0x000000071d800000, 0x000000071d400000| Complete 
| 630|0x000000071d800000, 0x000000071dc00000, 0x000000071dc00000|100%|HC|  |TAMS 0x000000071dc00000, 0x000000071d800000| Complete 
| 631|0x000000071dc00000, 0x000000071e000000, 0x000000071e000000|100%|HC|  |TAMS 0x000000071e000000, 0x000000071dc00000| Complete 
| 632|0x000000071e000000, 0x000000071e400000, 0x000000071e400000|100%|HC|  |TAMS 0x000000071e400000, 0x000000071e000000| Complete 
| 633|0x000000071e400000, 0x000000071e800000, 0x000000071e800000|100%|HC|  |TAMS 0x000000071e800000, 0x000000071e400000| Complete 
| 634|0x000000071e800000, 0x000000071ec00000, 0x000000071ec00000|100%|HC|  |TAMS 0x000000071ec00000, 0x000000071e800000| Complete 
| 635|0x000000071ec00000, 0x000000071f000000, 0x000000071f000000|100%|HC|  |TAMS 0x000000071f000000, 0x000000071ec00000| Complete 
| 636|0x000000071f000000, 0x000000071f400000, 0x000000071f400000|100%|HC|  |TAMS 0x000000071f400000, 0x000000071f000000| Complete 
| 637|0x000000071f400000, 0x000000071f800000, 0x000000071f800000|100%|HC|  |TAMS 0x000000071f800000, 0x000000071f400000| Complete 
| 638|0x000000071f800000, 0x000000071fc00000, 0x000000071fc00000|100%|HC|  |TAMS 0x000000071fc00000, 0x000000071f800000| Complete 
| 639|0x000000071fc00000, 0x0000000720000000, 0x0000000720000000|100%|HC|  |TAMS 0x0000000720000000, 0x000000071fc00000| Complete 
| 640|0x0000000720000000, 0x0000000720400000, 0x0000000720400000|100%|HC|  |TAMS 0x0000000720400000, 0x0000000720000000| Complete 
| 641|0x0000000720400000, 0x0000000720800000, 0x0000000720800000|100%|HC|  |TAMS 0x0000000720800000, 0x0000000720400000| Complete 
| 642|0x0000000720800000, 0x0000000720c00000, 0x0000000720c00000|100%|HC|  |TAMS 0x0000000720c00000, 0x0000000720800000| Complete 
| 643|0x0000000720c00000, 0x0000000721000000, 0x0000000721000000|100%|HC|  |TAMS 0x0000000721000000, 0x0000000720c00000| Complete 
| 644|0x0000000721000000, 0x0000000721400000, 0x0000000721400000|100%|HC|  |TAMS 0x0000000721400000, 0x0000000721000000| Complete 
| 645|0x0000000721400000, 0x0000000721800000, 0x0000000721800000|100%|HC|  |TAMS 0x0000000721800000, 0x0000000721400000| Complete 
| 646|0x0000000721800000, 0x0000000721c00000, 0x0000000721c00000|100%|HC|  |TAMS 0x0000000721c00000, 0x0000000721800000| Complete 
| 647|0x0000000721c00000, 0x0000000722000000, 0x0000000722000000|100%|HC|  |TAMS 0x0000000722000000, 0x0000000721c00000| Complete 
| 648|0x0000000722000000, 0x0000000722400000, 0x0000000722400000|100%|HC|  |TAMS 0x0000000722400000, 0x0000000722000000| Complete 
| 649|0x0000000722400000, 0x0000000722800000, 0x0000000722800000|100%|HC|  |TAMS 0x0000000722800000, 0x0000000722400000| Complete 
| 650|0x0000000722800000, 0x0000000722c00000, 0x0000000722c00000|100%|HC|  |TAMS 0x0000000722c00000, 0x0000000722800000| Complete 
| 651|0x0000000722c00000, 0x0000000723000000, 0x0000000723000000|100%|HC|  |TAMS 0x0000000723000000, 0x0000000722c00000| Complete 
| 652|0x0000000723000000, 0x0000000723400000, 0x0000000723400000|100%|HC|  |TAMS 0x0000000723400000, 0x0000000723000000| Complete 
| 653|0x0000000723400000, 0x0000000723800000, 0x0000000723800000|100%|HC|  |TAMS 0x0000000723800000, 0x0000000723400000| Complete 
| 654|0x0000000723800000, 0x0000000723c00000, 0x0000000723c00000|100%|HC|  |TAMS 0x0000000723c00000, 0x0000000723800000| Complete 
| 655|0x0000000723c00000, 0x0000000724000000, 0x0000000724000000|100%|HC|  |TAMS 0x0000000724000000, 0x0000000723c00000| Complete 
| 656|0x0000000724000000, 0x0000000724400000, 0x0000000724400000|100%|HC|  |TAMS 0x0000000724400000, 0x0000000724000000| Complete 
| 657|0x0000000724400000, 0x0000000724800000, 0x0000000724800000|100%|HC|  |TAMS 0x0000000724800000, 0x0000000724400000| Complete 
| 658|0x0000000724800000, 0x0000000724c00000, 0x0000000724c00000|100%|HC|  |TAMS 0x0000000724c00000, 0x0000000724800000| Complete 
| 659|0x0000000724c00000, 0x0000000725000000, 0x0000000725000000|100%|HC|  |TAMS 0x0000000725000000, 0x0000000724c00000| Complete 
| 660|0x0000000725000000, 0x0000000725400000, 0x0000000725400000|100%|HC|  |TAMS 0x0000000725400000, 0x0000000725000000| Complete 
| 661|0x0000000725400000, 0x0000000725800000, 0x0000000725800000|100%|HC|  |TAMS 0x0000000725800000, 0x0000000725400000| Complete 
| 662|0x0000000725800000, 0x0000000725c00000, 0x0000000725c00000|100%|HC|  |TAMS 0x0000000725c00000, 0x0000000725800000| Complete 
| 663|0x0000000725c00000, 0x0000000726000000, 0x0000000726000000|100%|HC|  |TAMS 0x0000000726000000, 0x0000000725c00000| Complete 

Card table byte_map: [0x000001dc1b870000,0x000001dc1c470000] _byte_map_base: 0x000001dc18470000

Marking Bits (Prev, Next): (CMBitMap*) 0x000001dc03e5dd70, (CMBitMap*) 0x000001dc03e5dd30
 Prev Bits: [0x000001dc23070000, 0x000001dc29070000)
 Next Bits: [0x000001dc1d070000, 0x000001dc23070000)

Polling page: 0x000001dc01f10000

Metaspace:

Usage:
  Non-class:    112.79 MB used.
      Class:     16.78 MB used.
       Both:    129.57 MB used.

Virtual space:
  Non-class space:      128.00 MB reserved,     113.62 MB ( 89%) committed,  2 nodes.
      Class space:        1.00 GB reserved,      17.56 MB (  2%) committed,  1 nodes.
             Both:        1.12 GB reserved,     131.19 MB ( 11%) committed. 

Chunk freelists:
   Non-Class:  14.30 MB
       Class:  14.35 MB
        Both:  28.65 MB

MaxMetaspaceSize: unlimited
CompressedClassSpaceSize: 1.00 GB
Initial GC threshold: 21.00 MB
Current GC threshold: 211.56 MB
CDS: on
MetaspaceReclaimPolicy: balanced
 - commit_granule_bytes: 65536.
 - commit_granule_words: 8192.
 - virtual_space_node_default_size: 8388608.
 - enlarge_chunks_in_place: 1.
 - new_chunks_are_fully_committed: 0.
 - uncommit_free_chunks: 1.
 - use_allocation_guard: 0.
 - handle_deallocations: 1.


Internal statistics:

num_allocs_failed_limit: 9.
num_arena_births: 2762.
num_arena_deaths: 0.
num_vsnodes_births: 3.
num_vsnodes_deaths: 0.
num_space_committed: 2092.
num_space_uncommitted: 0.
num_chunks_returned_to_freelist: 9.
num_chunks_taken_from_freelist: 7881.
num_chunk_merges: 6.
num_chunk_splits: 5690.
num_chunks_enlarged: 4148.
num_inconsistent_stats: 0.

CodeHeap 'non-profiled nmethods': size=120000Kb used=5612Kb max_used=5612Kb free=114388Kb
 bounds [0x000001dc13410000, 0x000001dc13990000, 0x000001dc1a940000]
CodeHeap 'profiled nmethods': size=120000Kb used=17870Kb max_used=17870Kb free=102129Kb
 bounds [0x000001dc0b940000, 0x000001dc0cac0000, 0x000001dc12e70000]
CodeHeap 'non-nmethods': size=5760Kb used=1682Kb max_used=1732Kb free=4077Kb
 bounds [0x000001dc12e70000, 0x000001dc130e0000, 0x000001dc13410000]
 total_blobs=11072 nmethods=9982 adapters=999
 compilation: enabled
              stopped_count=0, restarted_count=0
 full_count=0

Compilation events (20 events):
Event: 193.324 Thread 0x000001dc2b362e30 11760       3       java.util.concurrent.LinkedBlockingQueue::dequeue (32 bytes)
Event: 193.324 Thread 0x000001dc2b362e30 nmethod 11760 0x000001dc0cab0f10 code [0x000001dc0cab10c0, 0x000001dc0cab12f8]
Event: 193.350 Thread 0x000001dc2b362e30 11763       3       scala.concurrent.impl.Promise$DefaultPromise::submitWithValue (41 bytes)
Event: 193.351 Thread 0x000001dc2b362e30 nmethod 11763 0x000001dc0cab1410 code [0x000001dc0cab1600, 0x000001dc0cab1b78]
Event: 193.351 Thread 0x000001dc2b362e30 11764       3       scala.concurrent.impl.Promise$DefaultPromise::tryComplete0 (81 bytes)
Event: 193.357 Thread 0x000001dc2b362e30 nmethod 11764 0x000001dc0cab1d10 code [0x000001dc0cab2040, 0x000001dc0cab35e8]
Event: 195.067 Thread 0x000001dc2b362e30 11765       1       javax.management.ObjectName::getCanonicalName (5 bytes)
Event: 195.068 Thread 0x000001dc2b362e30 nmethod 11765 0x000001dc13985d90 code [0x000001dc13985f20, 0x000001dc13985ff8]
Event: 195.445 Thread 0x000001dc2b362470 11766       4       java.nio.HeapByteBuffer::duplicate (36 bytes)
Event: 195.463 Thread 0x000001dc2b362470 nmethod 11766 0x000001dc13986090 code [0x000001dc13986220, 0x000001dc13986678]
Event: 195.469 Thread 0x000001dc2b362470 11767       4       org.apache.spark.sql.execution.columnar.NullableColumnAccessor::initialize (115 bytes)
Event: 195.493 Thread 0x000001dc2b362470 nmethod 11767 0x000001dc13986a10 code [0x000001dc13986be0, 0x000001dc13987378]
Event: 195.499 Thread 0x000001dc2b362470 11768       4       org.apache.spark.sql.execution.columnar.compression.CompressibleColumnAccessor::initialize (48 bytes)
Event: 195.623 Thread 0x000001dc2b362470 nmethod 11768 0x000001dc13987a10 code [0x000001dc13987ca0, 0x000001dc13989468]
Event: 196.746 Thread 0x000001dc2b362470 11769       4       org.apache.spark.ui.ConsoleProgressBar$$Lambda$3356/0x000001dc2e007660::apply (9 bytes)
Event: 196.761 Thread 0x000001dc2b362470 nmethod 11769 0x000001dc1398a590 code [0x000001dc1398a720, 0x000001dc1398a7f8]
Event: 197.526 Thread 0x000001dc2b362470 11770       4       java.nio.ByteBuffer::wrap (8 bytes)
Event: 197.536 Thread 0x000001dc2b362470 nmethod 11770 0x000001dc1398a890 code [0x000001dc1398aa20, 0x000001dc1398abd8]
Event: 198.020 Thread 0x000001dc2b362470 11771       4       java.util.concurrent.ThreadLocalRandom::mix32 (26 bytes)
Event: 198.021 Thread 0x000001dc2b362470 nmethod 11771 0x000001dc1398ad10 code [0x000001dc1398ae80, 0x000001dc1398af18]

GC Heap History (20 events):
Event: 169.619 GC heap before
{Heap before GC invocations=279 (full 0):
 garbage-first heap   total 2351104K, used 2019564K [0x0000000680000000, 0x0000000800000000)
  region size 4096K, 176 young (720896K), 12 survivors (49152K)
 Metaspace       used 126500K, committed 127680K, reserved 1179648K
  class space    used 16212K, committed 16768K, reserved 1048576K
}
Event: 169.642 GC heap after
{Heap after GC invocations=280 (full 0):
 garbage-first heap   total 2351104K, used 1357332K [0x0000000680000000, 0x0000000800000000)
  region size 4096K, 12 young (49152K), 12 survivors (49152K)
 Metaspace       used 126500K, committed 127680K, reserved 1179648K
  class space    used 16212K, committed 16768K, reserved 1048576K
}
Event: 170.646 GC heap before
{Heap before GC invocations=280 (full 0):
 garbage-first heap   total 2351104K, used 2057748K [0x0000000680000000, 0x0000000800000000)
  region size 4096K, 183 young (749568K), 12 survivors (49152K)
 Metaspace       used 126500K, committed 127680K, reserved 1179648K
  class space    used 16212K, committed 16768K, reserved 1048576K
}
Event: 170.668 GC heap after
{Heap after GC invocations=281 (full 0):
 garbage-first heap   total 2351104K, used 1368043K [0x0000000680000000, 0x0000000800000000)
  region size 4096K, 13 young (53248K), 13 survivors (53248K)
 Metaspace       used 126500K, committed 127680K, reserved 1179648K
  class space    used 16212K, committed 16768K, reserved 1048576K
}
Event: 171.894 GC heap before
{Heap before GC invocations=282 (full 0):
 garbage-first heap   total 2375680K, used 2056171K [0x0000000680000000, 0x0000000800000000)
  region size 4096K, 181 young (741376K), 13 survivors (53248K)
 Metaspace       used 126500K, committed 127680K, reserved 1179648K
  class space    used 16212K, committed 16768K, reserved 1048576K
}
Event: 171.916 GC heap after
{Heap after GC invocations=283 (full 0):
 garbage-first heap   total 2375680K, used 1377819K [0x0000000680000000, 0x0000000800000000)
  region size 4096K, 13 young (53248K), 13 survivors (53248K)
 Metaspace       used 126500K, committed 127680K, reserved 1179648K
  class space    used 16212K, committed 16768K, reserved 1048576K
}
Event: 173.097 GC heap before
{Heap before GC invocations=283 (full 0):
 garbage-first heap   total 2375680K, used 2078235K [0x0000000680000000, 0x0000000800000000)
  region size 4096K, 184 young (753664K), 13 survivors (53248K)
 Metaspace       used 126500K, committed 127680K, reserved 1179648K
  class space    used 16212K, committed 16768K, reserved 1048576K
}
Event: 173.121 GC heap after
{Heap after GC invocations=284 (full 0):
 garbage-first heap   total 2375680K, used 1387506K [0x0000000680000000, 0x0000000800000000)
  region size 4096K, 13 young (53248K), 13 survivors (53248K)
 Metaspace       used 126500K, committed 127680K, reserved 1179648K
  class space    used 16212K, committed 16768K, reserved 1048576K
}
Event: 174.304 GC heap before
{Heap before GC invocations=285 (full 0):
 garbage-first heap   total 2433024K, used 2071538K [0x0000000680000000, 0x0000000800000000)
  region size 4096K, 180 young (737280K), 13 survivors (53248K)
 Metaspace       used 126500K, committed 127680K, reserved 1179648K
  class space    used 16212K, committed 16768K, reserved 1048576K
}
Event: 174.325 GC heap after
{Heap after GC invocations=286 (full 0):
 garbage-first heap   total 2433024K, used 1397103K [0x0000000680000000, 0x0000000800000000)
  region size 4096K, 13 young (53248K), 13 survivors (53248K)
 Metaspace       used 126500K, committed 127680K, reserved 1179648K
  class space    used 16212K, committed 16768K, reserved 1048576K
}
Event: 175.550 GC heap before
{Heap before GC invocations=286 (full 0):
 garbage-first heap   total 2433024K, used 2126191K [0x0000000680000000, 0x0000000800000000)
  region size 4096K, 191 young (782336K), 13 survivors (53248K)
 Metaspace       used 126502K, committed 127680K, reserved 1179648K
  class space    used 16212K, committed 16768K, reserved 1048576K
}
Event: 175.574 GC heap after
{Heap after GC invocations=287 (full 0):
 garbage-first heap   total 2433024K, used 1407743K [0x0000000680000000, 0x0000000800000000)
  region size 4096K, 13 young (53248K), 13 survivors (53248K)
 Metaspace       used 126502K, committed 127680K, reserved 1179648K
  class space    used 16212K, committed 16768K, reserved 1048576K
}
Event: 177.445 GC heap before
{Heap before GC invocations=288 (full 0):
 garbage-first heap   total 2453504K, used 1846015K [0x0000000680000000, 0x0000000800000000)
  region size 4096K, 121 young (495616K), 13 survivors (53248K)
 Metaspace       used 128577K, committed 129792K, reserved 1179648K
  class space    used 16534K, committed 17088K, reserved 1048576K
}
Event: 177.469 GC heap after
{Heap after GC invocations=289 (full 0):
 garbage-first heap   total 2453504K, used 1414375K [0x0000000680000000, 0x0000000800000000)
  region size 4096K, 12 young (49152K), 12 survivors (49152K)
 Metaspace       used 128577K, committed 129792K, reserved 1179648K
  class space    used 16534K, committed 17088K, reserved 1048576K
}
Event: 193.064 GC heap before
{Heap before GC invocations=290 (full 0):
 garbage-first heap   total 2453504K, used 2385127K [0x0000000680000000, 0x0000000800000000)
  region size 4096K, 51 young (208896K), 12 survivors (49152K)
 Metaspace       used 132666K, committed 134336K, reserved 1179648K
  class space    used 17182K, committed 17984K, reserved 1048576K
}
Event: 193.152 GC heap after
{Heap after GC invocations=291 (full 0):
 garbage-first heap   total 2453504K, used 2208130K [0x0000000680000000, 0x0000000800000000)
  region size 4096K, 13 young (53248K), 13 survivors (53248K)
 Metaspace       used 132666K, committed 134336K, reserved 1179648K
  class space    used 17182K, committed 17984K, reserved 1048576K
}
Event: 198.160 GC heap before
{Heap before GC invocations=291 (full 0):
 garbage-first heap   total 2719744K, used 2638210K [0x0000000680000000, 0x0000000800000000)
  region size 4096K, 14 young (57344K), 13 survivors (53248K)
 Metaspace       used 132679K, committed 134336K, reserved 1179648K
  class space    used 17182K, committed 17984K, reserved 1048576K
}
Event: 198.210 GC heap after
{Heap after GC invocations=292 (full 0):
 garbage-first heap   total 2719744K, used 2637757K [0x0000000680000000, 0x0000000800000000)
  region size 4096K, 1 young (4096K), 1 survivors (4096K)
 Metaspace       used 132679K, committed 134336K, reserved 1179648K
  class space    used 17182K, committed 17984K, reserved 1048576K
}
Event: 198.719 GC heap before
{Heap before GC invocations=292 (full 0):
 garbage-first heap   total 2719744K, used 2654141K [0x0000000680000000, 0x0000000800000000)
  region size 4096K, 2 young (8192K), 1 survivors (4096K)
 Metaspace       used 132679K, committed 134336K, reserved 1179648K
  class space    used 17182K, committed 17984K, reserved 1048576K
}
Event: 198.732 GC heap after
{Heap after GC invocations=293 (full 0):
 garbage-first heap   total 2719744K, used 2654270K [0x0000000680000000, 0x0000000800000000)
  region size 4096K, 1 young (4096K), 1 survivors (4096K)
 Metaspace       used 132679K, committed 134336K, reserved 1179648K
  class space    used 17182K, committed 17984K, reserved 1048576K
}

Dll operation events (13 events):
Event: 0.020 Loaded shared library C:\Program Files\Eclipse Adoptium\jdk-17.0.20.101-hotspot\bin\java.dll
Event: 0.065 Loaded shared library C:\Program Files\Eclipse Adoptium\jdk-17.0.20.101-hotspot\bin\jsvml.dll
Event: 0.650 Loaded shared library C:\Program Files\Eclipse Adoptium\jdk-17.0.20.101-hotspot\bin\net.dll
Event: 0.655 Loaded shared library C:\Program Files\Eclipse Adoptium\jdk-17.0.20.101-hotspot\bin\nio.dll
Event: 0.666 Loaded shared library C:\Program Files\Eclipse Adoptium\jdk-17.0.20.101-hotspot\bin\zip.dll
Event: 2.540 Loaded shared library C:\Program Files\Eclipse Adoptium\jdk-17.0.20.101-hotspot\bin\jimage.dll
Event: 3.661 Loaded shared library C:\Program Files\Eclipse Adoptium\jdk-17.0.20.101-hotspot\bin\management.dll
Event: 3.690 Loaded shared library C:\Program Files\Eclipse Adoptium\jdk-17.0.20.101-hotspot\bin\management_ext.dll
Event: 7.392 Loaded shared library C:\Program Files\Eclipse Adoptium\jdk-17.0.20.101-hotspot\bin\extnet.dll
Event: 11.135 Loaded shared library C:\Program Files\Eclipse Adoptium\jdk-17.0.20.101-hotspot\bin\jaas.dll
Event: 12.295 Loaded shared library C:\Program Files\Eclipse Adoptium\jdk-17.0.20.101-hotspot\bin\sunmscapi.dll
Event: 38.247 Loaded shared library C:\Users\LENOVO\AppData\Local\Temp\liblz4-java-783806129474312377.dll
Event: 38.669 Loaded shared library C:\Program Files\Eclipse Adoptium\jdk-17.0.20.101-hotspot\bin\verify.dll

Deoptimization events (20 events):
Event: 179.912 Thread 0x000001dc73420720 DEOPT PACKING pc=0x000001dc138aba28 sp=0x0000004dbf2fd7c0
Event: 179.912 Thread 0x000001dc73420720 DEOPT UNPACKING pc=0x000001dc12ec69a3 sp=0x0000004dbf2fd6f0 mode 2
Event: 179.912 Thread 0x000001dc73420720 Uncommon trap: trap_request=0xffffff45 fr.pc=0x000001dc138abc44 relative=0x0000000000000724
Event: 179.912 Thread 0x000001dc73420720 Uncommon trap: reason=unstable_if action=reinterpret pc=0x000001dc138abc44 method=java.util.regex.Pattern$Curly.match1(Ljava/util/regex/Matcher;IILjava/lang/CharSequence;)Z @ 11 c2
Event: 179.912 Thread 0x000001dc73420720 DEOPT PACKING pc=0x000001dc138abc44 sp=0x0000004dbf2fd9e0
Event: 179.912 Thread 0x000001dc73420720 DEOPT UNPACKING pc=0x000001dc12ec69a3 sp=0x0000004dbf2fd928 mode 2
Event: 180.434 Thread 0x000001dc73420720 DEOPT PACKING pc=0x000001dc0ca6ca2f sp=0x0000004dbf2fe010
Event: 180.434 Thread 0x000001dc73420720 DEOPT UNPACKING pc=0x000001dc12ec7143 sp=0x0000004dbf2fd4d8 mode 0
Event: 180.784 Thread 0x000001dc73420720 Uncommon trap: trap_request=0xffffff45 fr.pc=0x000001dc136ff524 relative=0x0000000000001564
Event: 180.784 Thread 0x000001dc73420720 Uncommon trap: reason=unstable_if action=reinterpret pc=0x000001dc136ff524 method=org.apache.spark.sql.catalyst.expressions.GeneratedClass$GeneratedIteratorForCodegenStage1$hashAgg_FastHashMap_0.findOrInsert(IDDDDIDDIDDIDDDD)Lorg/apache/spark/sql/catalyst
Event: 180.784 Thread 0x000001dc73420720 DEOPT PACKING pc=0x000001dc136ff524 sp=0x0000004dbf2fe1d0
Event: 180.784 Thread 0x000001dc73420720 DEOPT UNPACKING pc=0x000001dc12ec69a3 sp=0x0000004dbf2fe0c0 mode 2
Event: 181.510 Thread 0x000001dc73420720 DEOPT PACKING pc=0x000001dc0ca8d654 sp=0x0000004dbf2fdf30
Event: 181.510 Thread 0x000001dc73420720 DEOPT UNPACKING pc=0x000001dc12ec7143 sp=0x0000004dbf2fd3f8 mode 0
Event: 181.723 Thread 0x000001dc73420720 DEOPT PACKING pc=0x000001dc0ca863fc sp=0x0000004dbf2fe550
Event: 181.724 Thread 0x000001dc73420720 DEOPT UNPACKING pc=0x000001dc12ec7143 sp=0x0000004dbf2fdad8 mode 0
Event: 181.982 Thread 0x000001dc73420720 DEOPT PACKING pc=0x000001dc0ca920ca sp=0x0000004dbf2fe460
Event: 181.982 Thread 0x000001dc73420720 DEOPT UNPACKING pc=0x000001dc12ec7143 sp=0x0000004dbf2fd950 mode 0
Event: 182.678 Thread 0x000001dc73420720 DEOPT PACKING pc=0x000001dc0ca920ca sp=0x0000004dbf2fe460
Event: 182.678 Thread 0x000001dc73420720 DEOPT UNPACKING pc=0x000001dc12ec7143 sp=0x0000004dbf2fd950 mode 0

Classes loaded (20 events):
Event: 179.502 Loading class java/lang/org
Event: 179.502 Loading class java/lang/org done
Event: 179.519 Loading class jdk/internal/reflect/UnsafeQualifiedStaticIntegerFieldAccessorImpl
Event: 179.519 Loading class jdk/internal/reflect/UnsafeQualifiedStaticIntegerFieldAccessorImpl done
Event: 179.521 Loading class java/util/stream/DoubleStream
Event: 179.523 Loading class java/util/stream/DoubleStream done
Event: 179.523 Loading class java/util/function/IntToDoubleFunction
Event: 179.524 Loading class java/util/function/IntToDoubleFunction done
Event: 179.524 Loading class java/util/function/IntToLongFunction
Event: 179.524 Loading class java/util/function/IntToLongFunction done
Event: 179.702 Loading class java/nio/ShortBuffer
Event: 179.703 Loading class java/nio/ShortBuffer done
Event: 179.704 Loading class java/nio/FloatBuffer
Event: 179.704 Loading class java/nio/FloatBuffer done
Event: 179.705 Loading class java/nio/DoubleBuffer
Event: 179.706 Loading class java/nio/DoubleBuffer done
Event: 179.867 Loading class java/lang/org
Event: 179.867 Loading class java/lang/org done
Event: 179.946 Loading class java/lang/org
Event: 179.946 Loading class java/lang/org done

Classes unloaded (0 events):
No events

Classes redefined (0 events):
No events

Internal exceptions (20 events):
Event: 179.186 Thread 0x000001dc748e3070 Exception <a 'java/lang/NoSuchMethodError'{0x000000070ec68d10}: 'java.lang.Object java.lang.invoke.DelegatingMethodHandle$Holder.reinvoke_L(java.lang.Object, long, int, java.lang.Object, java.lang.Object, java.lang.Object, java.lang.Object, int, int)'> (0x000000070ec68d10) 
thrown [s\src\hotspot\share\interpreter\linkResolver.cpp, line 759]
Event: 179.229 Thread 0x000001dc748e3070 Exception <a 'java/lang/NoSuchMethodError'{0x000000070eec1660}: 'java.lang.Object java.lang.invoke.DelegatingMethodHandle$Holder.reinvoke_L(java.lang.Object, java.lang.Object, long, java.lang.Object, java.lang.Object, java.lang.Object, java.lang.Object, java.lang.Object, java.lang.Object, java.lang.Object, java.lang.Object, java.lang.Object, java.lang.Object, java.lang.Object, java.lang.Object, java.lang.Object, java.lang.Object, java.lang.Object, java.lang.Object, java.lang.Object, java.lang.Object, java.
Event: 179.232 Thread 0x000001dc748e3070 Exception <a 'java/lang/NoSuchMethodError'{0x000000070ef144d8}: 'java.lang.Object java.lang.invoke.DirectMethodHandle$Holder.invokeSpecial(java.lang.Object, java.lang.Object, long, java.lang.Object, java.lang.Object, java.lang.Object, java.lang.Object, java.lang.Object, java.lang.Object, java.lang.Object, java.lang.Object, java.lang.Object, java.lang.Object, java.lang.Object, java.lang.Object, java.lang.Object, java.lang.Object, java.lang.Object, java.lang.Object, java.lang.Object, java.lang.Object, java.l
Event: 179.233 Thread 0x000001dc748e3070 Exception <a 'java/lang/NoSuchMethodError'{0x000000070ef1a198}: 'java.lang.Object java.lang.invoke.DelegatingMethodHandle$Holder.reinvoke_L(java.lang.Object, long, java.lang.Object, java.lang.Object, java.lang.Object, java.lang.Object, java.lang.Object, java.lang.Object, java.lang.Object, java.lang.Object, java.lang.Object, java.lang.Object, java.lang.Object, java.lang.Object, java.lang.Object, java.lang.Object, java.lang.Object, java.lang.Object, java.lang.Object, java.lang.Object, java.lang.Object, java.
Event: 179.237 Thread 0x000001dc748e3070 Exception <a 'java/lang/NoSuchMethodError'{0x000000070ef9be50}: 'java.lang.Object java.lang.invoke.Invokers$Holder.linkToTargetMethod(java.lang.Object, java.lang.Object, java.lang.Object, java.lang.Object, java.lang.Object, java.lang.Object, java.lang.Object, java.lang.Object, java.lang.Object, java.lang.Object, java.lang.Object, java.lang.Object, java.lang.Object, java.lang.Object, java.lang.Object, java.lang.Object, java.lang.Object, java.lang.Object, java.lang.Object, java.lang.Object, java.lang.Object,
Event: 179.269 Thread 0x000001dc748e3070 Exception <a 'java/lang/NoSuchMethodError'{0x000000070e938c80}: 'java.lang.Object java.lang.invoke.DelegatingMethodHandle$Holder.reinvoke_L(java.lang.Object, java.lang.Object, long, java.lang.Object, java.lang.Object, java.lang.Object, java.lang.Object, java.lang.Object, java.lang.Object, java.lang.Object, java.lang.Object, java.lang.Object, java.lang.Object, java.lang.Object, java.lang.Object)'> (0x000000070e938c80) 
thrown [s\src\hotspot\share\interpreter\linkResolver.cpp, line 759]
Event: 179.272 Thread 0x000001dc748e3070 Exception <a 'java/lang/NoSuchMethodError'{0x000000070e97dd10}: 'java.lang.Object java.lang.invoke.DirectMethodHandle$Holder.invokeSpecial(java.lang.Object, java.lang.Object, long, java.lang.Object, java.lang.Object, java.lang.Object, java.lang.Object, java.lang.Object, java.lang.Object, java.lang.Object, java.lang.Object, java.lang.Object, java.lang.Object, java.lang.Object, java.lang.Object)'> (0x000000070e97dd10) 
thrown [s\src\hotspot\share\interpreter\linkResolver.cpp, line 759]
Event: 179.272 Thread 0x000001dc748e3070 Exception <a 'java/lang/NoSuchMethodError'{0x000000070e982920}: 'java.lang.Object java.lang.invoke.DelegatingMethodHandle$Holder.reinvoke_L(java.lang.Object, long, java.lang.Object, java.lang.Object, java.lang.Object, java.lang.Object, java.lang.Object, java.lang.Object, java.lang.Object, java.lang.Object, java.lang.Object, java.lang.Object, java.lang.Object, java.lang.Object)'> (0x000000070e982920) 
thrown [s\src\hotspot\share\interpreter\linkResolver.cpp, line 759]
Event: 179.273 Thread 0x000001dc748e3070 Exception <a 'java/lang/NoSuchMethodError'{0x000000070e991db8}: 'java.lang.Object java.lang.invoke.DirectMethodHandle$Holder.invokeSpecial(java.lang.Object, java.lang.Object, java.lang.Object, java.lang.Object, java.lang.Object, java.lang.Object, java.lang.Object, java.lang.Object, java.lang.Object, java.lang.Object, java.lang.Object, java.lang.Object, java.lang.Object, java.lang.Object)'> (0x000000070e991db8) 
thrown [s\src\hotspot\share\interpreter\linkResolver.cpp, line 759]
Event: 179.274 Thread 0x000001dc748e3070 Exception <a 'java/lang/NoSuchMethodError'{0x000000070e996610}: 'java.lang.Object java.lang.invoke.Invokers$Holder.linkToTargetMethod(java.lang.Object, java.lang.Object, java.lang.Object, java.lang.Object, java.lang.Object, java.lang.Object, java.lang.Object, java.lang.Object, java.lang.Object, java.lang.Object, java.lang.Object, java.lang.Object, java.lang.Object)'> (0x000000070e996610) 
thrown [s\src\hotspot\share\interpreter\linkResolver.cpp, line 759]
Event: 179.279 Thread 0x000001dc748e3070 Exception <a 'java/lang/NoSuchMethodError'{0x000000070e9e6810}: 'java.lang.Object java.lang.invoke.DelegatingMethodHandle$Holder.reinvoke_L(java.lang.Object, java.lang.Object, long, java.lang.Object, java.lang.Object, java.lang.Object, java.lang.Object, java.lang.Object, java.lang.Object, java.lang.Object, java.lang.Object, java.lang.Object, java.lang.Object, long, java.lang.Object, java.lang.Object)'> (0x000000070e9e6810) 
thrown [s\src\hotspot\share\interpreter\linkResolver.cpp, line 759]
Event: 179.287 Thread 0x000001dc748e3070 Exception <a 'java/lang/NoSuchMethodError'{0x000000070ea2ca28}: 'java.lang.Object java.lang.invoke.DirectMethodHandle$Holder.invokeSpecial(java.lang.Object, java.lang.Object, long, java.lang.Object, java.lang.Object, java.lang.Object, java.lang.Object, java.lang.Object, java.lang.Object, java.lang.Object, java.lang.Object, java.lang.Object, java.lang.Object, long, java.lang.Object, java.lang.Object)'> (0x000000070ea2ca28) 
thrown [s\src\hotspot\share\interpreter\linkResolver.cpp, line 759]
Event: 179.288 Thread 0x000001dc748e3070 Exception <a 'java/lang/NoSuchMethodError'{0x000000070ea316c8}: 'java.lang.Object java.lang.invoke.DelegatingMethodHandle$Holder.reinvoke_L(java.lang.Object, long, java.lang.Object, java.lang.Object, java.lang.Object, java.lang.Object, java.lang.Object, java.lang.Object, java.lang.Object, java.lang.Object, java.lang.Object, java.lang.Object, long, java.lang.Object, java.lang.Object)'> (0x000000070ea316c8) 
thrown [s\src\hotspot\share\interpreter\linkResolver.cpp, line 759]
Event: 179.545 Thread 0x000001dc748e3070 Exception <a 'java/lang/NoSuchMethodError'{0x000000070dd67b80}: static Lorg/apache/spark/sql/execution/aggregate/HashAggregateExec;.<clinit>()V> (0x000000070dd67b80) 
thrown [s\src\hotspot\share\prims\jni.cpp, line 1112]
Event: 179.549 Thread 0x000001dc748e3070 Exception <a 'java/lang/NoSuchMethodError'{0x000000070ddb8770}: static Lorg/apache/spark/sql/execution/InputAdapter;.<clinit>()V> (0x000000070ddb8770) 
thrown [s\src\hotspot\share\prims\jni.cpp, line 1112]
Event: 179.558 Thread 0x000001dc748e3070 Exception <a 'java/lang/NoSuchMethodError'{0x000000070dddb480}: static Lorg/apache/spark/sql/catalyst/expressions/Alias;.<clinit>()V> (0x000000070dddb480) 
thrown [s\src\hotspot\share\prims\jni.cpp, line 1112]
Event: 179.561 Thread 0x000001dc748e3070 Exception <a 'java/lang/NoSuchMethodError'{0x000000070ddf7920}: static Lorg/apache/spark/sql/catalyst/expressions/KnownFloatingPointNormalized;.<clinit>()V> (0x000000070ddf7920) 
thrown [s\src\hotspot\share\prims\jni.cpp, line 1112]
Event: 179.567 Thread 0x000001dc748e3070 Exception <a 'java/lang/NoSuchMethodError'{0x000000070de0b8a8}: static Lorg/apache/spark/sql/catalyst/optimizer/NormalizeNaNAndZero;.<clinit>()V> (0x000000070de0b8a8) 
thrown [s\src\hotspot\share\prims\jni.cpp, line 1112]
Event: 179.577 Thread 0x000001dc748e3070 Exception <a 'java/lang/NoSuchMethodError'{0x000000070de39838}: static Lscala/Enumeration;.<clinit>()V> (0x000000070de39838) 
thrown [s\src\hotspot\share\prims\jni.cpp, line 1112]
Event: 179.606 Thread 0x000001dc7363e3b0 Exception <a 'java/lang/NoSuchMethodError'{0x00000007159ab670}: static Lorg/apache/spark/sql/catalyst/plans/physical/HashPartitioning;.<clinit>()V> (0x00000007159ab670) 
thrown [s\src\hotspot\share\prims\jni.cpp, line 1112]

VM Operations (20 events):
Event: 183.319 Executing VM operation: Cleanup done
Event: 185.349 Executing VM operation: Cleanup
Event: 185.365 Executing VM operation: Cleanup done
Event: 186.381 Executing VM operation: Cleanup
Event: 186.381 Executing VM operation: Cleanup done
Event: 193.062 Executing VM operation: G1CollectForAllocation
Event: 193.152 Executing VM operation: G1CollectForAllocation done
Event: 194.158 Executing VM operation: Cleanup
Event: 194.159 Executing VM operation: Cleanup done
Event: 195.171 Executing VM operation: Cleanup
Event: 195.187 Executing VM operation: Cleanup done
Event: 196.202 Executing VM operation: Cleanup
Event: 196.203 Executing VM operation: Cleanup done
Event: 197.217 Executing VM operation: Cleanup
Event: 197.217 Executing VM operation: Cleanup done
Event: 198.158 Executing VM operation: G1CollectForAllocation
Event: 198.210 Executing VM operation: G1CollectForAllocation done
Event: 198.719 Executing VM operation: G1TryInitiateConcMark
Event: 198.733 Executing VM operation: G1TryInitiateConcMark done
Event: 199.171 Executing VM operation: G1PauseRemark

Memory protections (0 events):
No events

Nmethod flushes (20 events):
Event: 176.856 Thread 0x000001dc2b3764b0 flushing  nmethod 0x000001dc0c80c810
Event: 176.856 Thread 0x000001dc2b3764b0 flushing  nmethod 0x000001dc0c80d190
Event: 176.856 Thread 0x000001dc2b3764b0 flushing  nmethod 0x000001dc0c80d690
Event: 176.856 Thread 0x000001dc2b3764b0 flushing  nmethod 0x000001dc0c80e010
Event: 176.856 Thread 0x000001dc2b3764b0 flushing  nmethod 0x000001dc0c810e10
Event: 176.856 Thread 0x000001dc2b3764b0 flushing  nmethod 0x000001dc0c811710
Event: 176.856 Thread 0x000001dc2b3764b0 flushing  nmethod 0x000001dc0c812e90
Event: 176.856 Thread 0x000001dc2b3764b0 flushing  nmethod 0x000001dc0c815790
Event: 176.856 Thread 0x000001dc2b3764b0 flushing  nmethod 0x000001dc0c81aa90
Event: 176.856 Thread 0x000001dc2b3764b0 flushing  nmethod 0x000001dc0c828710
Event: 176.856 Thread 0x000001dc2b3764b0 flushing  nmethod 0x000001dc0c82f910
Event: 176.857 Thread 0x000001dc2b3764b0 flushing  nmethod 0x000001dc0c840b90
Event: 176.857 Thread 0x000001dc2b3764b0 flushing  nmethod 0x000001dc0c842090
Event: 176.857 Thread 0x000001dc2b3764b0 flushing  nmethod 0x000001dc0c89ae90
Event: 176.857 Thread 0x000001dc2b3764b0 flushing  nmethod 0x000001dc0c8a1590
Event: 176.857 Thread 0x000001dc2b3764b0 flushing  nmethod 0x000001dc0c8a1a90
Event: 176.857 Thread 0x000001dc2b3764b0 flushing  nmethod 0x000001dc0c8a2c90
Event: 176.857 Thread 0x000001dc2b3764b0 flushing  nmethod 0x000001dc0c8a3c90
Event: 176.857 Thread 0x000001dc2b3764b0 flushing osr nmethod 0x000001dc0c8bf610
Event: 176.857 Thread 0x000001dc2b3764b0 flushing  nmethod 0x000001dc0c8c0810

Events (20 events):
Event: 177.652 Thread 0x000001dc73bf4580 Thread added: 0x000001dc72442590
Event: 178.300 Thread 0x000001dc71bdb2c0 Thread added: 0x000001dc2bd6cfa0
Event: 178.336 Thread 0x000001dc7363e3b0 Thread added: 0x000001dc73bf4a90
Event: 178.358 Thread 0x000001dc71eca650 Thread added: 0x000001dc748e3a90
Event: 178.761 Thread 0x000001dc71bddb40 Thread added: 0x000001dc773e3310
Event: 178.793 Thread 0x000001dc748e3a90 Thread added: 0x000001dc72441b70
Event: 179.103 Thread 0x000001dc71eca650 Thread added: 0x000001dc748e44b0
Event: 179.155 Thread 0x000001dc71eca650 Thread added: 0x000001dc748e3070
Event: 181.382 Thread 0x000001dc2b362470 Thread added: 0x000001dc717ecdd0
Event: 181.938 Thread 0x000001dc717ecdd0 Thread exited: 0x000001dc717ecdd0
Event: 193.180 Thread 0x000001dc71b44060 Thread added: 0x000001dc748e1a80
Event: 193.213 Thread 0x000001dc748e1a80 Thread added: 0x000001dc73bf79d0
Event: 193.213 Thread 0x000001dc748e1a80 Thread added: 0x000001dc73bf6aa0
Event: 193.246 Thread 0x000001dc73bf6aa0 Thread added: 0x000001dc748e24a0
Event: 193.303 Thread 0x000001dc748e24a0 Thread added: 0x000001dc748e29b0
Event: 193.315 Thread 0x000001dc71b44060 Thread added: 0x000001dc748e49c0
Event: 193.321 Thread 0x000001dc748e49c0 Thread added: 0x000001dc73bf6590
Event: 193.322 Thread 0x000001dc748e49c0 Thread added: 0x000001dc73bf6fb0
Event: 193.344 Thread 0x000001dc73bf6fb0 Thread added: 0x000001dc773e0fa0
Event: 193.346 Thread 0x000001dc773e0fa0 Thread added: 0x000001dc72ac1e20


Dynamic libraries:
0x00007ff6853a0000 - 0x00007ff6853ae000 	C:\Program Files\Eclipse Adoptium\jdk-17.0.20.101-hotspot\bin\java.exe
0x00007ffc9fb00000 - 0x00007ffc9fd67000 	C:\WINDOWS\SYSTEM32\ntdll.dll
0x00007ffc9da50000 - 0x00007ffc9db1b000 	C:\WINDOWS\System32\KERNEL32.DLL
0x00007ffc9d020000 - 0x00007ffc9d422000 	C:\WINDOWS\System32\KERNELBASE.dll
0x00007ffc9cd00000 - 0x00007ffc9ce4c000 	C:\WINDOWS\System32\ucrtbase.dll
0x00007ffc188a0000 - 0x00007ffc188b8000 	C:\Program Files\Eclipse Adoptium\jdk-17.0.20.101-hotspot\bin\jli.dll
0x00007ffc1a1f0000 - 0x00007ffc1a20e000 	C:\Program Files\Eclipse Adoptium\jdk-17.0.20.101-hotspot\bin\VCRUNTIME140.dll
0x00007ffc9dbd0000 - 0x00007ffc9dd9f000 	C:\WINDOWS\System32\USER32.dll
0x00007ffc85240000 - 0x00007ffc854d0000 	C:\WINDOWS\WinSxS\amd64_microsoft.windows.common-controls_6595b64144ccf1df_6.0.26100.9278_none_3e0d1ba8e3303201\COMCTL32.dll
0x00007ffc9ce60000 - 0x00007ffc9ce87000 	C:\WINDOWS\System32\win32u.dll
0x00007ffc9d820000 - 0x00007ffc9d8c9000 	C:\WINDOWS\System32\msvcrt.dll
0x00007ffc9e7a0000 - 0x00007ffc9e7cb000 	C:\WINDOWS\System32\GDI32.dll
0x00007ffc9d6f0000 - 0x00007ffc9d819000 	C:\WINDOWS\System32\gdi32full.dll
0x00007ffc9d4c0000 - 0x00007ffc9d563000 	C:\WINDOWS\System32\msvcp_win.dll
0x00007ffc9db90000 - 0x00007ffc9dbc1000 	C:\WINDOWS\System32\IMM32.DLL
0x00007ffc7d9d0000 - 0x00007ffc7d9dc000 	C:\Program Files\Eclipse Adoptium\jdk-17.0.20.101-hotspot\bin\vcruntime140_1.dll
0x00007ffc06ae0000 - 0x00007ffc06b6d000 	C:\Program Files\Eclipse Adoptium\jdk-17.0.20.101-hotspot\bin\msvcp140.dll
0x00007ffb9cd30000 - 0x00007ffb9d99c000 	C:\Program Files\Eclipse Adoptium\jdk-17.0.20.101-hotspot\bin\server\jvm.dll
0x00007ffc9e990000 - 0x00007ffc9ea4c000 	C:\WINDOWS\System32\ADVAPI32.dll
0x00007ffc9fa10000 - 0x00007ffc9fab9000 	C:\WINDOWS\System32\sechost.dll
0x00007ffc9d8d0000 - 0x00007ffc9d9e8000 	C:\WINDOWS\System32\RPCRT4.dll
0x00007ffc9f3b0000 - 0x00007ffc9f430000 	C:\WINDOWS\System32\WS2_32.dll
0x00007ffc9cb60000 - 0x00007ffc9cbbe000 	C:\WINDOWS\SYSTEM32\POWRPROF.dll
0x00007ffc941a0000 - 0x00007ffc941d6000 	C:\WINDOWS\SYSTEM32\WINMM.dll
0x00007ffc94db0000 - 0x00007ffc94dbb000 	C:\WINDOWS\SYSTEM32\VERSION.dll
0x00007ffc9cb40000 - 0x00007ffc9cb55000 	C:\WINDOWS\SYSTEM32\UMPDC.dll
0x00007ffc9b9d0000 - 0x00007ffc9b9eb000 	C:\WINDOWS\SYSTEM32\kernel.appcore.dll
0x00007ffc7d680000 - 0x00007ffc7d68a000 	C:\Program Files\Eclipse Adoptium\jdk-17.0.20.101-hotspot\bin\jimage.dll
0x00007ffc9a2e0000 - 0x00007ffc9a52c000 	C:\WINDOWS\SYSTEM32\DBGHELP.DLL
0x00007ffc9e200000 - 0x00007ffc9e585000 	C:\WINDOWS\System32\combase.dll
0x00007ffc9e6c0000 - 0x00007ffc9e799000 	C:\WINDOWS\System32\OLEAUT32.dll
0x00007ffc794b0000 - 0x00007ffc794eb000 	C:\WINDOWS\SYSTEM32\dbgcore.DLL
0x00007ffc9d570000 - 0x00007ffc9d61c000 	C:\WINDOWS\System32\bcryptPrimitives.dll
0x00007ffc07780000 - 0x00007ffc077a5000 	C:\Program Files\Eclipse Adoptium\jdk-17.0.20.101-hotspot\bin\java.dll
0x00007ffc066c0000 - 0x00007ffc06797000 	C:\Program Files\Eclipse Adoptium\jdk-17.0.20.101-hotspot\bin\jsvml.dll
0x00007ffc9ea60000 - 0x00007ffc9f1f8000 	C:\WINDOWS\System32\SHELL32.dll
0x00007ffc9a750000 - 0x00007ffc9affe000 	C:\WINDOWS\SYSTEM32\windows.storage.dll
0x00007ffc9e7d0000 - 0x00007ffc9e8cb000 	C:\WINDOWS\System32\SHCORE.dll
0x00007ffc9db20000 - 0x00007ffc9db86000 	C:\WINDOWS\System32\shlwapi.dll
0x00007ffc9cc20000 - 0x00007ffc9cc49000 	C:\WINDOWS\SYSTEM32\profapi.dll
0x00007ffc16820000 - 0x00007ffc1683a000 	C:\Program Files\Eclipse Adoptium\jdk-17.0.20.101-hotspot\bin\net.dll
0x00007ffc94790000 - 0x00007ffc948ba000 	C:\WINDOWS\SYSTEM32\WINHTTP.dll
0x00007ffc9bf90000 - 0x00007ffc9bffc000 	C:\WINDOWS\system32\mswsock.dll
0x00007ffc15490000 - 0x00007ffc154a6000 	C:\Program Files\Eclipse Adoptium\jdk-17.0.20.101-hotspot\bin\nio.dll
0x00007ffc15100000 - 0x00007ffc15118000 	C:\Program Files\Eclipse Adoptium\jdk-17.0.20.101-hotspot\bin\zip.dll
0x00007ffc7d230000 - 0x00007ffc7d23a000 	C:\Program Files\Eclipse Adoptium\jdk-17.0.20.101-hotspot\bin\management.dll
0x00007ffc73f70000 - 0x00007ffc73f7c000 	C:\Program Files\Eclipse Adoptium\jdk-17.0.20.101-hotspot\bin\management_ext.dll
0x00007ffc9f3a0000 - 0x00007ffc9f3a8000 	C:\WINDOWS\System32\PSAPI.DLL
0x00007ffc77c70000 - 0x00007ffc77c88000 	C:\WINDOWS\system32\napinsp.dll
0x00007ffc9b3f0000 - 0x00007ffc9b548000 	C:\WINDOWS\SYSTEM32\DNSAPI.dll
0x00007ffc9bd70000 - 0x00007ffc9bd7d000 	C:\WINDOWS\SYSTEM32\DSPARSE.dll
0x00007ffc9b360000 - 0x00007ffc9b393000 	C:\WINDOWS\SYSTEM32\IPHLPAPI.DLL
0x00007ffc9e5b0000 - 0x00007ffc9e5ba000 	C:\WINDOWS\System32\NSI.dll
0x00007ffc77500000 - 0x00007ffc77513000 	C:\WINDOWS\System32\winrnr.dll
0x00007ffc74730000 - 0x00007ffc74757000 	C:\WINDOWS\system32\nlansp_c.dll
0x00007ffc95560000 - 0x00007ffc95576000 	C:\WINDOWS\system32\wshbth.dll
0x00007ffc94da0000 - 0x00007ffc94dab000 	C:\Windows\System32\rasadhlp.dll
0x00007ffc91410000 - 0x00007ffc91496000 	C:\WINDOWS\System32\fwpuclnt.dll
0x00007ffc9c280000 - 0x00007ffc9c29b000 	C:\WINDOWS\SYSTEM32\CRYPTSP.dll
0x00007ffc9b930000 - 0x00007ffc9b969000 	C:\WINDOWS\system32\rsaenh.dll
0x00007ffc9c040000 - 0x00007ffc9c074000 	C:\WINDOWS\SYSTEM32\USERENV.dll
0x00007ffc9cbf0000 - 0x00007ffc9cc1a000 	C:\WINDOWS\SYSTEM32\bcrypt.dll
0x00007ffc9c2a0000 - 0x00007ffc9c2ac000 	C:\WINDOWS\SYSTEM32\CRYPTBASE.dll
0x00007ffc94590000 - 0x00007ffc945ad000 	C:\WINDOWS\SYSTEM32\dhcpcsvc6.DLL
0x00007ffc943a0000 - 0x00007ffc943c5000 	C:\WINDOWS\SYSTEM32\dhcpcsvc.DLL
0x00007ffc73e00000 - 0x00007ffc73e09000 	C:\Program Files\Eclipse Adoptium\jdk-17.0.20.101-hotspot\bin\extnet.dll
0x00007ffc55aa0000 - 0x00007ffc55aa9000 	C:\Program Files\Eclipse Adoptium\jdk-17.0.20.101-hotspot\bin\jaas.dll
0x00007ffc55670000 - 0x00007ffc5567e000 	C:\Program Files\Eclipse Adoptium\jdk-17.0.20.101-hotspot\bin\sunmscapi.dll
0x00007ffc9ce90000 - 0x00007ffc9d00e000 	C:\WINDOWS\System32\CRYPT32.dll
0x00007ffc9c4c0000 - 0x00007ffc9c4f0000 	C:\WINDOWS\SYSTEM32\ncrypt.dll
0x00007ffc9c470000 - 0x00007ffc9c4af000 	C:\WINDOWS\SYSTEM32\NTASN1.dll
0x00007ffc96080000 - 0x00007ffc96088000 	C:\WINDOWS\system32\wshunix.dll
0x00007ffc54ce0000 - 0x00007ffc54d28000 	C:\Users\LENOVO\AppData\Local\Temp\liblz4-java-783806129474312377.dll
0x00007ffc86950000 - 0x00007ffc86960000 	C:\Program Files\Eclipse Adoptium\jdk-17.0.20.101-hotspot\bin\verify.dll

dbghelp: loaded successfully - version: 4.0.5 - missing functions: none
symbol engine: initialized successfully - sym options: 0x614 - pdb path: .;C:\Program Files\Eclipse Adoptium\jdk-17.0.20.101-hotspot\bin;C:\WINDOWS\SYSTEM32;C:\WINDOWS\WinSxS\amd64_microsoft.windows.common-controls_6595b64144ccf1df_6.0.26100.9278_none_3e0d1ba8e3303201;C:\Program Files\Eclipse Adoptium\jdk-17.0.20.101-hotspot\bin\server;C:\Users\LENOVO\AppData\Local\Temp

VM Arguments:
jvm_args: -Xmx6g -XX:+IgnoreUnrecognizedVMOptions --add-modules=jdk.incubator.vector --add-opens=java.base/java.lang=ALL-UNNAMED --add-opens=java.base/java.lang.invoke=ALL-UNNAMED --add-opens=java.base/java.lang.reflect=ALL-UNNAMED --add-opens=java.base/java.io=ALL-UNNAMED --add-opens=java.base/java.net=ALL-UNNAMED --add-opens=java.base/java.nio=ALL-UNNAMED --add-opens=java.base/java.util=ALL-UNNAMED --add-opens=java.base/java.util.concurrent=ALL-UNNAMED --add-opens=java.base/java.util.concurrent.atomic=ALL-UNNAMED --add-opens=java.base/jdk.internal.ref=ALL-UNNAMED --add-opens=java.base/sun.nio.ch=ALL-UNNAMED --add-opens=java.base/sun.nio.cs=ALL-UNNAMED --add-opens=java.base/sun.security.action=ALL-UNNAMED --add-opens=java.base/sun.util.calendar=ALL-UNNAMED --add-opens=java.security.jgss/sun.security.krb5=ALL-UNNAMED -Dio.netty.tryReflectionSetAccessible=true -Dio.netty.allocator.type=pooled -Dio.netty.handler.ssl.defaultEndpointVerificationAlgorithm=NONE --sun-misc-unsafe-memory-access=allow --enable-native-access=ALL-UNNAMED -Dderby.connection.requireAuthentication=false 
java_command: org.apache.spark.deploy.SparkSubmit --conf spark.driver.memory=6g --conf spark.app.name=upliftlab-etl --conf spark.sql.shuffle.partitions=64 pyspark-shell
java_class_path (initial): C:\Users\LENOVO\AppData\Local\Python\pythoncore-3.14-64\Lib\site-packages\pyspark\bin\..\conf;C:\Users\LENOVO\AppData\Local\Python\pythoncore-3.14-64\Lib\site-packages\pyspark\bin\..\jars\slf4j-api-2.0.17.jar;C:\Users\LENOVO\AppData\Local\Python\pythoncore-3.14-64\Lib\site-packages\pyspark\bin\..\jars\aircompressor-2.0.3.jar;C:\Users\LENOVO\AppData\Local\Python\pythoncore-3.14-64\Lib\site-packages\pyspark\bin\..\jars\algebra_2.13-2.8.0.jar;C:\Users\LENOVO\AppData\Local\Python\pythoncore-3.14-64\Lib\site-packages\pyspark\bin\..\jars\antlr-runtime-3.5.2.jar;C:\Users\LENOVO\AppData\Local\Python\pythoncore-3.14-64\Lib\site-packages\pyspark\bin\..\jars\antlr4-runtime-4.13.1.jar;C:\Users\LENOVO\AppData\Local\Python\pythoncore-3.14-64\Lib\site-packages\pyspark\bin\..\jars\aopalliance-repackaged-3.0.6.jar;C:\Users\LENOVO\AppData\Local\Python\pythoncore-3.14-64\Lib\site-packages\pyspark\bin\..\jars\arpack-3.2.0.jar;C:\Users\LENOVO\AppData\Local\Python\pythoncore-3.14-64\Lib\site-packages\pyspark\bin\..\jars\arpack_combined_all-0.1.jar;C:\Users\LENOVO\AppData\Local\Python\pythoncore-3.14-64\Lib\site-packages\pyspark\bin\..\jars\arrow-compression-19.0.0.jar;C:\Users\LENOVO\AppData\Local\Python\pythoncore-3.14-64\Lib\site-packages\pyspark\bin\..\jars\arrow-format-19.0.0.jar;C:\Users\LENOVO\AppData\Local\Python\pythoncore-3.14-64\Lib\site-packages\pyspark\bin\..\jars\arrow-memory-core-19.0.0.jar;C:\Users\LENOVO\AppData\Local\Python\pythoncore-3.14-64\Lib\site-packages\pyspark\bin\..\jars\arrow-memory-netty-19.0.0.jar;C:\Users\LENOVO\AppData\Local\Python\pythoncore-3.14-64\Lib\site-packages\pyspark\bin\..\jars\arrow-memory-netty-buffer-patch-19.0.0.jar;C:\Users\LENOVO\AppData\Local\Python\pythoncore-3.14-64\Lib\site-packages\pyspark\bin\..\jars\arrow-vector-19.0.0.jar;C:\Users\LENOVO\AppData\Local\Python\pythoncore-3.14-64\Lib\site-packages\pyspark\bin\..\jars\audience-annotations-0.12.0.jar;C:\Users\LENOVO\AppData\Local\Python\pythoncore-3.14-64\Lib\
Launcher Type: SUN_STANDARD

[Global flags]
     intx CICompilerCount                          = 4                                         {product} {ergonomic}
     uint ConcGCThreads                            = 2                                         {product} {ergonomic}
     uint G1ConcRefinementThreads                  = 8                                         {product} {ergonomic}
   size_t G1HeapRegionSize                         = 4194304                                   {product} {ergonomic}
    uintx GCDrainStackTargetSize                   = 64                                        {product} {ergonomic}
     bool IgnoreUnrecognizedVMOptions              = true                                      {product} {command line}
   size_t InitialHeapSize                          = 100663296                                 {product} {ergonomic}
   size_t MarkStackSize                            = 4194304                                   {product} {ergonomic}
   size_t MaxHeapSize                              = 6442450944                                {product} {command line}
   size_t MaxNewSize                               = 3862953984                                {product} {ergonomic}
   size_t MinHeapDeltaBytes                        = 4194304                                   {product} {ergonomic}
   size_t MinHeapSize                              = 8388608                                   {product} {ergonomic}
    uintx NonNMethodCodeHeapSize                   = 5839372                                {pd product} {ergonomic}
    uintx NonProfiledCodeHeapSize                  = 122909434                              {pd product} {ergonomic}
    uintx ProfiledCodeHeapSize                     = 122909434                              {pd product} {ergonomic}
    uintx ReservedCodeCacheSize                    = 251658240                              {pd product} {ergonomic}
     bool SegmentedCodeCache                       = true                                      {product} {ergonomic}
   size_t SoftMaxHeapSize                          = 6442450944                             {manageable} {ergonomic}
     bool UseCompressedClassPointers               = true                           {product lp64_product} {ergonomic}
     bool UseCompressedOops                        = true                           {product lp64_product} {ergonomic}
     bool UseG1GC                                  = true                                      {product} {ergonomic}
     bool UseLargePagesIndividualAllocation        = false                                  {pd product} {ergonomic}

Logging:
Log output configuration:
 #0: stdout all=warning uptime,level,tags
 #1: stderr all=off uptime,level,tags

Environment Variables:
JAVA_HOME=C:\Program Files\Eclipse Adoptium\jdk-17.0.20.101-hotspot
PATH=C:\hadoop\bin;C:\Program Files\Eclipse Adoptium\jdk-17.0.20.101-hotspot\bin;C:\Program Files\Microsoft MPI\Bin\;C:\WINDOWS\system32;C:\WINDOWS;C:\WINDOWS\System32\Wbem;C:\WINDOWS\System32\WindowsPowerShell\v1.0\;C:\WINDOWS\System32\OpenSSH\;C:\MinGW\bin;C:\ProgramData\chocolatey\bin;C:\Program Files\Microsoft SQL Server\150\Tools\Binn\;C:\Program Files\dotnet\;C:\SIMULIA\Commands;D:\MATLAB\runtime\win64;D:\MATLAB\bin;C:\Program Files\Git\cmd;C:\Program Files\nodejs\;C:\Program Files\PowerShell\7\;C:\Users\LENOVO\AppData\Local\hermes\hermes-agent\bin;C:\Users\LENOVO\AppData\Local\hermes\bin;C:\Users\LENOVO\.local\bin;C:\Users\LENOVO\AppData\Local\Programs\Python\Python311\Scripts\;C:\Users\LENOVO\AppData\Local\Programs\Python\Python311\;C:\Users\LENOVO\AppData\Local\Microsoft\WindowsApps;C:\Users\LENOVO\AppData\Local\Programs\Microsoft VS Code\bin;C:\msys64\ucrt64\bin;C:\Users\LENOVO\Downloads\SFML-2.6.1-windows-gcc-13.1.0-mingw-64-bit\SFML-2.6.1\bin;C:\Users\LENOVO\AppData\Roaming\npm;C:\Users\LENOVO\AppData\Local\Microsoft\WinGet\Packages\BurntSushi.ripgrep.MSVC_Microsoft.Winget.Source_8wekyb3d8bbwe\ripgrep-15.2.0-x86_64-pc-windows-msvc;C:\Users\LENOVO\AppData\Local\Microsoft\WinGet\Packages\Gyan.FFmpeg_Microsoft.Winget.Source_8wekyb3d8bbwe\ffmpeg-9.0-full_build\bin;C:\Users\LENOVO\AppData\Local\Programs\Cua\cua-driver\bin;C:\Users\LENOVO\AppData\Local\Programs\Ollama;C:\Users\LENOVO\AppData\Local\Python\bin
USERNAME=LENOVO
OS=Windows_NT
PROCESSOR_IDENTIFIER=AMD64 Family 23 Model 104 Stepping 1, AuthenticAMD
TMP=C:\Users\LENOVO\AppData\Local\Temp
TEMP=C:\Users\LENOVO\AppData\Local\Temp



Periodic native trim disabled


---------------  S Y S T E M  ---------------

OS:
 Windows 11 , 64 bit Build 26100 (10.0.26100.9444)
OS uptime: 6 days 12:11 hours
Hyper-V role detected

CPU: total 8 (initial active 8) (8 cores per cpu, 2 threads per core) family 23 model 104 stepping 1 microcode 0x8608104, cx8, cmov, fxsr, ht, mmx, 3dnowpref, sse, sse2, sse3, ssse3, sse4a, sse4.1, sse4.2, popcnt, lzcnt, tsc, tscinvbit, avx, avx2, aes, clmul, bmi1, bmi2, adx, sha, fma, vzeroupper, clflush, clflushopt, hv
Processor Information for all 8 processors :
  Max Mhz: 2600, Current Mhz: 2600, Mhz Limit: 2600

Memory: 4k page, system-wide physical 5966M (112M free)
TotalPageFile size 24398M (AvailPageFile size 120M)
current process WorkingSet (physical memory assigned to process): 1110M, peak: 1520M
current process commit charge ("private bytes"): 3076M, peak: 4780M

vm_info: OpenJDK 64-Bit Server VM (17.0.20.1+1) for windows-amd64 JRE (17.0.20.1+1), built on Aug 18 2026 20:44:09 by "admin" with MS VC++ 17.12 (VS2022)

END.
